inspection_id,production_date,inspection_date,product_code,shift,operator_id,inspector_id,factory_location,defect_count,quality_score,defect_type,defect_severity,pred_defect_prob,predicted_high_risk,has_defect_actual
INSP-0001,2024-06-01,2024-06-01 15:22:17,PRD-02,afternoon,OP-5691,INS-2231,Factory-E1,0,99.7,0,0.0,0.1210954959498826,0,0
INSP-0001,2024-06-01,2024-06-01 15:22:17,PRD-02,afternoon,OP-5691,INS-2231,Factory-E1,0,99.7,0,0.0,0.1210954959498826,0,0
INSP-0001,2024-06-01,2024-06-01 15:22:17,PRD-02,afternoon,OP-5691,INS-2231,Factory-E1,0,99.7,0,0.0,0.0884382503317879,0,0
INSP-0001,2024-06-01,2024-06-01 15:22:17,PRD-02,afternoon,OP-5691,INS-2231,Factory-E1,0,99.7,0,0.0,0.0884382503317879,0,0
INSP-0002,2024-06-02,2024-06-02 09:18:43,PRD-03,morning,OP-1674,INS-9052,Factory-Y7,0,87.4,0,0.0,0.1586354390346057,0,0
INSP-0002,2024-06-02,2024-06-02 09:18:43,PRD-03,morning,OP-1674,INS-9052,Factory-Y7,0,87.4,0,0.0,0.1586354390346057,0,0
INSP-0002,2024-06-02,2024-06-02 09:18:43,PRD-03,morning,OP-1674,INS-9052,Factory-Y7,0,87.4,0,0.0,0.1724276946533945,0,0
INSP-0002,2024-06-02,2024-06-02 09:18:43,PRD-03,morning,OP-1674,INS-9052,Factory-Y7,0,87.4,0,0.0,0.1724276946533945,0,0
INSP-0003,2024-06-03,2024-06-04 00:43:11,PRD-01,night,OP-2517,INS-0342,Factory-Z3,1,81.1,scratch,1.0,0.0504147183467702,0,1
INSP-0003,2024-06-03,2024-06-04 00:43:11,PRD-01,night,OP-2517,INS-0342,Factory-Z3,1,81.1,scratch,1.0,0.0504147183467702,0,1
INSP-0003,2024-06-03,2024-06-04 00:43:11,PRD-01,night,OP-2517,INS-0342,Factory-Z3,1,81.1,scratch,1.0,0.0420979856613921,0,1
INSP-0003,2024-06-03,2024-06-04 00:43:11,PRD-01,night,OP-2517,INS-0342,Factory-Z3,1,81.1,scratch,1.0,0.0420979856613921,0,1
INSP-0004,2024-06-03,2024-06-03 16:08:29,PRD-04,afternoon,OP-0033,INS-5961,Factory-X0,0,94.3,0,0.0,0.214906228070606,0,0
INSP-0004,2024-06-03,2024-06-03 16:08:29,PRD-04,afternoon,OP-0033,INS-5961,Factory-X0,0,94.3,0,0.0,0.214906228070606,0,0
INSP-0004,2024-06-03,2024-06-03 16:08:29,PRD-04,afternoon,OP-0033,INS-5961,Factory-X0,0,94.3,0,0.0,0.1656563259558159,0,0
INSP-0004,2024-06-03,2024-06-03 16:08:29,PRD-04,afternoon,OP-0033,INS-5961,Factory-X0,0,94.3,0,0.0,0.1656563259558159,0,0
INSP-0005,2024-06-04,2024-06-04 08:42:14,PRD-02,morning,OP-5691,INS-9052,Factory-G9,2,77.8,marking,2.0,0.0925153909755905,0,1
INSP-0005,2024-06-04,2024-06-04 08:42:14,PRD-02,morning,OP-5691,INS-9052,Factory-G9,2,77.8,marking,2.0,0.0925153909755905,0,1
INSP-0005,2024-06-04,2024-06-04 08:42:14,PRD-02,morning,OP-5691,INS-9052,Factory-G9,2,77.8,marking,2.0,0.1272545114459562,0,1
INSP-0005,2024-06-04,2024-06-04 08:42:14,PRD-02,morning,OP-5691,INS-9052,Factory-G9,2,77.8,marking,2.0,0.1272545114459562,0,1
INSP-0006,2024-06-05,2024-06-05 15:17:05,PRD-03,afternoon,OP-7777,INS-2178,Factory-A2,7,61.4,misalignment,3.0,0.0811432844455448,0,1
INSP-0006,2024-06-05,2024-06-05 15:17:05,PRD-03,afternoon,OP-7777,INS-2178,Factory-A2,7,61.4,misalignment,3.0,0.0811432844455448,0,1
INSP-0006,2024-06-05,2024-06-05 15:17:05,PRD-03,afternoon,OP-7777,INS-2178,Factory-A2,7,61.4,misalignment,3.0,0.278073286478451,0,1
INSP-0006,2024-06-05,2024-06-05 15:17:05,PRD-03,afternoon,OP-7777,INS-2178,Factory-A2,7,61.4,misalignment,3.0,0.278073286478451,0,1
INSP-0007,2024-06-06,2024-06-07 01:02:39,PRD-02,night,OP-0033,INS-0342,Factory-X0,5,59.2,contamination,3.0,0.0562011254167484,0,1
INSP-0007,2024-06-06,2024-06-07 01:02:39,PRD-02,night,OP-0033,INS-0342,Factory-X0,5,59.2,contamination,3.0,0.0562011254167484,0,1
INSP-0007,2024-06-06,2024-06-07 01:02:39,PRD-02,night,OP-0033,INS-0342,Factory-X0,5,59.2,contamination,3.0,0.0309725636438281,0,1
INSP-0007,2024-06-06,2024-06-07 01:02:39,PRD-02,night,OP-0033,INS-0342,Factory-X0,5,59.2,contamination,3.0,0.0309725636438281,0,1
INSP-0008,2024-06-07,2024-06-07 10:40:15,PRD-04,morning,OP-4178,INS-2231,Factory-Y7,3,69.8,mislabel,2.0,0.0544227431652979,0,1
INSP-0008,2024-06-07,2024-06-07 10:40:15,PRD-04,morning,OP-4178,INS-2231,Factory-Y7,3,69.8,mislabel,2.0,0.0544227431652979,0,1
INSP-0008,2024-06-07,2024-06-07 10:40:15,PRD-04,morning,OP-4178,INS-2231,Factory-Y7,3,69.8,mislabel,2.0,0.0953101149400658,0,1
INSP-0008,2024-06-07,2024-06-07 10:40:15,PRD-04,morning,OP-4178,INS-2231,Factory-Y7,3,69.8,mislabel,2.0,0.0953101149400658,0,1
INSP-0009,2024-06-08,2024-06-08 14:55:21,PRD-01,afternoon,OP-2517,INS-9052,Factory-A2,0,100.0,0,0.0,0.1779797992042711,0,0
INSP-0009,2024-06-08,2024-06-08 14:55:21,PRD-01,afternoon,OP-2517,INS-9052,Factory-A2,0,100.0,0,0.0,0.1779797992042711,0,0
INSP-0009,2024-06-08,2024-06-08 14:55:21,PRD-01,afternoon,OP-2517,INS-9052,Factory-A2,0,100.0,0,0.0,0.1190141539060349,0,0
INSP-0009,2024-06-08,2024-06-08 14:55:21,PRD-01,afternoon,OP-2517,INS-9052,Factory-A2,0,100.0,0,0.0,0.1190141539060349,0,0
INSP-0010,2024-06-09,2024-06-10 00:31:46,PRD-02,night,OP-2517,INS-0342,Factory-E1,17,3.2,major_crack,4.0,0.0366380313048378,0,1
INSP-0010,2024-06-09,2024-06-10 00:31:46,PRD-02,night,OP-2517,INS-0342,Factory-E1,17,3.2,major_crack,4.0,0.0366380313048378,0,1
INSP-0010,2024-06-09,2024-06-10 00:31:46,PRD-02,night,OP-2517,INS-0342,Factory-E1,17,3.2,major_crack,4.0,0.3704435617092707,0,1
INSP-0010,2024-06-09,2024-06-10 00:31:46,PRD-02,night,OP-2517,INS-0342,Factory-E1,17,3.2,major_crack,4.0,0.3704435617092707,0,1
INSP-0011,2024-06-10,2024-06-10 16:11:34,PRD-03,afternoon,OP-0033,INS-2178,Factory-G9,0,93.8,0,0.0,0.2390236691403827,0,0
INSP-0011,2024-06-10,2024-06-10 16:11:34,PRD-03,afternoon,OP-0033,INS-2178,Factory-G9,0,93.8,0,0.0,0.2390236691403827,0,0
INSP-0011,2024-06-10,2024-06-10 16:11:34,PRD-03,afternoon,OP-0033,INS-2178,Factory-G9,0,93.8,0,0.0,0.0692672257737171,0,0
INSP-0011,2024-06-10,2024-06-10 16:11:34,PRD-03,afternoon,OP-0033,INS-2178,Factory-G9,0,93.8,0,0.0,0.0692672257737171,0,0
INSP-0012,2024-06-11,2024-06-11 11:23:47,PRD-04,morning,OP-5691,INS-2231,Factory-Y7,0,85.0,0,0.0,0.0645376522386862,0,0
INSP-0012,2024-06-11,2024-06-11 11:23:47,PRD-04,morning,OP-5691,INS-2231,Factory-Y7,0,85.0,0,0.0,0.0645376522386862,0,0
INSP-0012,2024-06-11,2024-06-11 11:23:47,PRD-04,morning,OP-5691,INS-2231,Factory-Y7,0,85.0,0,0.0,0.0485378645121479,0,0
INSP-0012,2024-06-11,2024-06-11 11:23:47,PRD-04,morning,OP-5691,INS-2231,Factory-Y7,0,85.0,0,0.0,0.0485378645121479,0,0
INSP-0013,2024-06-12,2024-06-12 15:03:58,PRD-01,afternoon,OP-2186,INS-9052,Factory-G9,1,76.4,dent,2.0,0.2968319632423495,0,1
INSP-0013,2024-06-12,2024-06-12 15:03:58,PRD-01,afternoon,OP-2186,INS-9052,Factory-G9,1,76.4,dent,2.0,0.2968319632423495,0,1
INSP-0013,2024-06-12,2024-06-12 15:03:58,PRD-01,afternoon,OP-2186,INS-9052,Factory-G9,1,76.4,dent,2.0,0.0682889296797754,0,1
INSP-0013,2024-06-12,2024-06-12 15:03:58,PRD-01,afternoon,OP-2186,INS-9052,Factory-G9,1,76.4,dent,2.0,0.0682889296797754,0,1
INSP-0014,2024-06-13,2024-06-14 02:12:38,PRD-02,night,OP-2517,INS-0342,Factory-Z3,15,41.9,cracking,4.0,0.0388199283476008,0,1
INSP-0014,2024-06-13,2024-06-14 02:12:38,PRD-02,night,OP-2517,INS-0342,Factory-Z3,15,41.9,cracking,4.0,0.0388199283476008,0,1
INSP-0014,2024-06-13,2024-06-14 02:12:38,PRD-02,night,OP-2517,INS-0342,Factory-Z3,15,41.9,cracking,4.0,0.0961067274459383,0,1
INSP-0014,2024-06-13,2024-06-14 02:12:38,PRD-02,night,OP-2517,INS-0342,Factory-Z3,15,41.9,cracking,4.0,0.0961067274459383,0,1
INSP-0015,2024-06-14,2024-06-14 09:36:51,PRD-03,morning,OP-0112,INS-5961,Factory-X0,0,98.2,0,0.0,0.1349769853646526,0,0
INSP-0015,2024-06-14,2024-06-14 09:36:51,PRD-03,morning,OP-0112,INS-5961,Factory-X0,0,98.2,0,0.0,0.1349769853646526,0,0
INSP-0015,2024-06-14,2024-06-14 09:36:51,PRD-03,morning,OP-0112,INS-5961,Factory-X0,0,98.2,0,0.0,0.3924822905783616,0,0
INSP-0015,2024-06-14,2024-06-14 09:36:51,PRD-03,morning,OP-0112,INS-5961,Factory-X0,0,98.2,0,0.0,0.3924822905783616,0,0
INSP-0016,2024-06-15,2024-06-15 16:21:07,PRD-01,afternoon,OP-3452,INS-9052,Factory-G9,1,72.0,discoloration,1.0,0.2105613783046094,0,1
INSP-0016,2024-06-15,2024-06-15 16:21:07,PRD-01,afternoon,OP-3452,INS-9052,Factory-G9,1,72.0,discoloration,1.0,0.2105613783046094,0,1
INSP-0016,2024-06-15,2024-06-15 16:21:07,PRD-01,afternoon,OP-3452,INS-9052,Factory-G9,1,72.0,discoloration,1.0,0.1092297778645788,0,1
INSP-0016,2024-06-15,2024-06-15 16:21:07,PRD-01,afternoon,OP-3452,INS-9052,Factory-G9,1,72.0,discoloration,1.0,0.1092297778645788,0,1
INSP-0017,2024-06-16,2024-06-17 01:19:53,PRD-02,night,OP-2186,INS-0342,Factory-A2,8,69.5,contamination,3.0,0.0361299690343653,0,1
INSP-0017,2024-06-16,2024-06-17 01:19:53,PRD-02,night,OP-2186,INS-0342,Factory-A2,8,69.5,contamination,3.0,0.0361299690343653,0,1
INSP-0017,2024-06-16,2024-06-17 01:19:53,PRD-02,night,OP-2186,INS-0342,Factory-A2,8,69.5,contamination,3.0,0.0157727609446373,0,1
INSP-0017,2024-06-16,2024-06-17 01:19:53,PRD-02,night,OP-2186,INS-0342,Factory-A2,8,69.5,contamination,3.0,0.0157727609446373,0,1
INSP-0018,2024-06-17,2024-06-17 15:46:39,PRD-04,afternoon,OP-0033,INS-2178,Factory-G9,0,100.0,0,0.0,0.1945228681153715,0,0
INSP-0018,2024-06-17,2024-06-17 15:46:39,PRD-04,afternoon,OP-0033,INS-2178,Factory-G9,0,100.0,0,0.0,0.1945228681153715,0,0
INSP-0018,2024-06-17,2024-06-17 15:46:39,PRD-04,afternoon,OP-0033,INS-2178,Factory-G9,0,100.0,0,0.0,0.2356508592024351,0,0
INSP-0018,2024-06-17,2024-06-17 15:46:39,PRD-04,afternoon,OP-0033,INS-2178,Factory-G9,0,100.0,0,0.0,0.2356508592024351,0,0
INSP-0019,2024-06-18,2024-06-18 10:15:04,PRD-03,morning,OP-4178,INS-5961,Factory-Y7,0,99.9,0,0.0,0.1013400908293439,0,0
INSP-0019,2024-06-18,2024-06-18 10:15:04,PRD-03,morning,OP-4178,INS-5961,Factory-Y7,0,99.9,0,0.0,0.1013400908293439,0,0
INSP-0019,2024-06-18,2024-06-18 10:15:04,PRD-03,morning,OP-4178,INS-5961,Factory-Y7,0,99.9,0,0.0,0.0834356819297631,0,0
INSP-0019,2024-06-18,2024-06-18 10:15:04,PRD-03,morning,OP-4178,INS-5961,Factory-Y7,0,99.9,0,0.0,0.0834356819297631,0,0
INSP-0020,2024-06-19,2024-06-19 15:02:12,PRD-01,afternoon,OP-0001,INS-2231,Factory-E1,2,82.3,scratch,1.0,0.3768845586272665,0,1
INSP-0020,2024-06-19,2024-06-19 15:02:12,PRD-01,afternoon,OP-0001,INS-2231,Factory-E1,2,82.3,scratch,1.0,0.3768845586272665,0,1
INSP-0020,2024-06-19,2024-06-19 15:02:12,PRD-01,afternoon,OP-0001,INS-2231,Factory-E1,2,82.3,scratch,1.0,0.1420985285622568,0,1
INSP-0020,2024-06-19,2024-06-19 15:02:12,PRD-01,afternoon,OP-0001,INS-2231,Factory-E1,2,82.3,scratch,1.0,0.1420985285622568,0,1
INSP-0021,2024-06-20,2024-06-21 03:00:59,PRD-02,night,OP-2186,INS-0342,Factory-X0,6,49.7,misalignment,4.0,0.0458896469321455,0,1
INSP-0021,2024-06-20,2024-06-21 03:00:59,PRD-02,night,OP-2186,INS-0342,Factory-X0,6,49.7,misalignment,4.0,0.0458896469321455,0,1
INSP-0021,2024-06-20,2024-06-21 03:00:59,PRD-02,night,OP-2186,INS-0342,Factory-X0,6,49.7,misalignment,4.0,0.0206709026748619,0,1
INSP-0021,2024-06-20,2024-06-21 03:00:59,PRD-02,night,OP-2186,INS-0342,Factory-X0,6,49.7,misalignment,4.0,0.0206709026748619,0,1
INSP-0022,2024-06-21,2024-06-21 14:44:28,PRD-03,afternoon,OP-5691,INS-2178,Factory-A2,0,100.0,0,0.0,0.0765007452725093,0,0
INSP-0022,2024-06-21,2024-06-21 14:44:28,PRD-03,afternoon,OP-5691,INS-2178,Factory-A2,0,100.0,0,0.0,0.0765007452725093,0,0
INSP-0022,2024-06-21,2024-06-21 14:44:28,PRD-03,afternoon,OP-5691,INS-2178,Factory-A2,0,100.0,0,0.0,0.316697293197273,0,0
INSP-0022,2024-06-21,2024-06-21 14:44:28,PRD-03,afternoon,OP-5691,INS-2178,Factory-A2,0,100.0,0,0.0,0.316697293197273,0,0
INSP-0023,2024-06-22,2024-06-22 09:59:01,PRD-01,morning,OP-2517,INS-9052,Factory-Z3,1,79.8,marking,2.0,0.1968457420472042,0,1
INSP-0023,2024-06-22,2024-06-22 09:59:01,PRD-01,morning,OP-2517,INS-9052,Factory-Z3,1,79.8,marking,2.0,0.1968457420472042,0,1
INSP-0023,2024-06-22,2024-06-22 09:59:01,PRD-01,morning,OP-2517,INS-9052,Factory-Z3,1,79.8,marking,2.0,0.11171010350172,0,1
INSP-0023,2024-06-22,2024-06-22 09:59:01,PRD-01,morning,OP-2517,INS-9052,Factory-Z3,1,79.8,marking,2.0,0.11171010350172,0,1
INSP-0024,2024-06-23,2024-06-23 14:33:56,PRD-02,afternoon,OP-0033,INS-2178,Factory-G9,0,85.7,0,0.0,0.3137446033787455,0,0
INSP-0024,2024-06-23,2024-06-23 14:33:56,PRD-02,afternoon,OP-0033,INS-2178,Factory-G9,0,85.7,0,0.0,0.3137446033787455,0,0
INSP-0024,2024-06-23,2024-06-23 14:33:56,PRD-02,afternoon,OP-0033,INS-2178,Factory-G9,0,85.7,0,0.0,0.18409353913899,0,0
INSP-0024,2024-06-23,2024-06-23 14:33:56,PRD-02,afternoon,OP-0033,INS-2178,Factory-G9,0,85.7,0,0.0,0.18409353913899,0,0
INSP-0025,2024-06-24,2024-06-25 01:17:31,PRD-03,night,OP-0112,INS-9052,Factory-Y7,4,63.8,contamination,3.0,0.0478050346205047,0,1
INSP-0025,2024-06-24,2024-06-25 01:17:31,PRD-03,night,OP-0112,INS-9052,Factory-Y7,4,63.8,contamination,3.0,0.0478050346205047,0,1
INSP-0025,2024-06-24,2024-06-25 01:17:31,PRD-03,night,OP-0112,INS-9052,Factory-Y7,4,63.8,contamination,3.0,0.0147770521048628,0,1
INSP-0025,2024-06-24,2024-06-25 01:17:31,PRD-03,night,OP-0112,INS-9052,Factory-Y7,4,63.8,contamination,3.0,0.0147770521048628,0,1
INSP-0026,2024-06-25,2024-06-25 11:04:24,PRD-04,morning,OP-5691,INS-2231,Factory-X0,0,89.5,0,0.0,0.0577130219154528,0,0
INSP-0026,2024-06-25,2024-06-25 11:04:24,PRD-04,morning,OP-5691,INS-2231,Factory-X0,0,89.5,0,0.0,0.0577130219154528,0,0
INSP-0026,2024-06-25,2024-06-25 11:04:24,PRD-04,morning,OP-5691,INS-2231,Factory-X0,0,89.5,0,0.0,0.1383452793815541,0,0
INSP-0026,2024-06-25,2024-06-25 11:04:24,PRD-04,morning,OP-5691,INS-2231,Factory-X0,0,89.5,0,0.0,0.1383452793815541,0,0
INSP-0027,2024-06-26,2024-06-26 15:57:09,PRD-01,afternoon,OP-2186,INS-9052,Factory-E1,1,75.3,dent,1.0,0.259851920762831,0,1
INSP-0027,2024-06-26,2024-06-26 15:57:09,PRD-01,afternoon,OP-2186,INS-9052,Factory-E1,1,75.3,dent,1.0,0.259851920762831,0,1
INSP-0027,2024-06-26,2024-06-26 15:57:09,PRD-01,afternoon,OP-2186,INS-9052,Factory-E1,1,75.3,dent,1.0,0.2599214116426124,0,1
INSP-0027,2024-06-26,2024-06-26 15:57:09,PRD-01,afternoon,OP-2186,INS-9052,Factory-E1,1,75.3,dent,1.0,0.2599214116426124,0,1
INSP-0028,2024-06-27,2024-06-28 00:27:17,PRD-02,night,OP-3452,INS-0342,Factory-A2,9,57.9,cracking,3.0,0.0256679139670544,0,1
INSP-0028,2024-06-27,2024-06-28 00:27:17,PRD-02,night,OP-3452,INS-0342,Factory-A2,9,57.9,cracking,3.0,0.0256679139670544,0,1
INSP-0028,2024-06-27,2024-06-28 00:27:17,PRD-02,night,OP-3452,INS-0342,Factory-A2,9,57.9,cracking,3.0,0.2275109140122372,0,1
INSP-0028,2024-06-27,2024-06-28 00:27:17,PRD-02,night,OP-3452,INS-0342,Factory-A2,9,57.9,cracking,3.0,0.2275109140122372,0,1
INSP-0029,2024-06-28,2024-06-28 10:27:13,PRD-03,morning,OP-4178,INS-5961,Factory-Z3,0,100.0,0,0.0,0.081612102497286,0,0
INSP-0029,2024-06-28,2024-06-28 10:27:13,PRD-03,morning,OP-4178,INS-5961,Factory-Z3,0,100.0,0,0.0,0.081612102497286,0,0
INSP-0029,2024-06-28,2024-06-28 10:27:13,PRD-03,morning,OP-4178,INS-5961,Factory-Z3,0,100.0,0,0.0,0.0459419597362851,0,0
INSP-0029,2024-06-28,2024-06-28 10:27:13,PRD-03,morning,OP-4178,INS-5961,Factory-Z3,0,100.0,0,0.0,0.0459419597362851,0,0
INSP-0030,2024-06-29,2024-06-29 16:36:21,PRD-04,afternoon,OP-0033,INS-2178,Factory-Y7,0,88.5,0,0.0,0.2498026862498747,0,0
INSP-0030,2024-06-29,2024-06-29 16:36:21,PRD-04,afternoon,OP-0033,INS-2178,Factory-Y7,0,88.5,0,0.0,0.2498026862498747,0,0
INSP-0030,2024-06-29,2024-06-29 16:36:21,PRD-04,afternoon,OP-0033,INS-2178,Factory-Y7,0,88.5,0,0.0,0.3020049099913915,0,0
INSP-0030,2024-06-29,2024-06-29 16:36:21,PRD-04,afternoon,OP-0033,INS-2178,Factory-Y7,0,88.5,0,0.0,0.3020049099913915,0,0
INSP-0031,2024-06-30,2024-07-01 02:37:55,PRD-01,night,OP-2517,INS-0342,Factory-G9,19,0.0,major_crack,4.0,0.0489297702576206,0,1
INSP-0031,2024-06-30,2024-07-01 02:37:55,PRD-01,night,OP-2517,INS-0342,Factory-G9,19,0.0,major_crack,4.0,0.0489297702576206,0,1
INSP-0031,2024-06-30,2024-07-01 02:37:55,PRD-01,night,OP-2517,INS-0342,Factory-G9,19,0.0,major_crack,4.0,0.0161888258240437,0,1
INSP-0031,2024-06-30,2024-07-01 02:37:55,PRD-01,night,OP-2517,INS-0342,Factory-G9,19,0.0,major_crack,4.0,0.0161888258240437,0,1
INSP-0032,2024-05-20,2024-05-20 09:07:01,PRD-02,morning,OP-2186,INS-9052,Factory-E1,0,97.6,0,0.0,0.1165699778877221,0,0
INSP-0032,2024-05-20,2024-05-20 09:07:01,PRD-02,morning,OP-2186,INS-9052,Factory-E1,0,97.6,0,0.0,0.1165699778877221,0,0
INSP-0032,2024-05-20,2024-05-20 09:07:01,PRD-02,morning,OP-2186,INS-9052,Factory-E1,0,97.6,0,0.0,0.1457178003088469,0,0
INSP-0032,2024-05-20,2024-05-20 09:07:01,PRD-02,morning,OP-2186,INS-9052,Factory-E1,0,97.6,0,0.0,0.1457178003088469,0,0
INSP-0033,2024-05-21,2024-05-21 16:12:05,PRD-03,afternoon,OP-0033,INS-2178,Factory-X0,0,84.1,0,0.0,0.3123848997308815,0,0
INSP-0033,2024-05-21,2024-05-21 16:12:05,PRD-03,afternoon,OP-0033,INS-2178,Factory-X0,0,84.1,0,0.0,0.3123848997308815,0,0
INSP-0033,2024-05-21,2024-05-21 16:12:05,PRD-03,afternoon,OP-0033,INS-2178,Factory-X0,0,84.1,0,0.0,0.1383863860306167,0,0
INSP-0033,2024-05-21,2024-05-21 16:12:05,PRD-03,afternoon,OP-0033,INS-2178,Factory-X0,0,84.1,0,0.0,0.1383863860306167,0,0
INSP-0034,2024-05-22,2024-05-23 00:45:37,PRD-04,night,OP-4178,INS-0342,Factory-Y7,4,66.5,mislabel,3.0,0.0102916352053566,0,1
INSP-0034,2024-05-22,2024-05-23 00:45:37,PRD-04,night,OP-4178,INS-0342,Factory-Y7,4,66.5,mislabel,3.0,0.0102916352053566,0,1
INSP-0034,2024-05-22,2024-05-23 00:45:37,PRD-04,night,OP-4178,INS-0342,Factory-Y7,4,66.5,mislabel,3.0,0.363235131212257,0,1
INSP-0034,2024-05-22,2024-05-23 00:45:37,PRD-04,night,OP-4178,INS-0342,Factory-Y7,4,66.5,mislabel,3.0,0.363235131212257,0,1
INSP-0035,2024-05-23,2024-05-23 08:31:46,PRD-02,morning,OP-5691,INS-9052,Factory-G9,0,91.7,0,0.0,0.0922178717904207,0,0
INSP-0035,2024-05-23,2024-05-23 08:31:46,PRD-02,morning,OP-5691,INS-9052,Factory-G9,0,91.7,0,0.0,0.0922178717904207,0,0
INSP-0035,2024-05-23,2024-05-23 08:31:46,PRD-02,morning,OP-5691,INS-9052,Factory-G9,0,91.7,0,0.0,0.0687073765608972,0,0
INSP-0035,2024-05-23,2024-05-23 08:31:46,PRD-02,morning,OP-5691,INS-9052,Factory-G9,0,91.7,0,0.0,0.0687073765608972,0,0
INSP-0036,2024-05-24,2024-05-24 14:10:09,PRD-01,afternoon,OP-0112,INS-2178,Factory-A2,2,74.9,scratch,2.0,0.2284565532339088,0,1
INSP-0036,2024-05-24,2024-05-24 14:10:09,PRD-01,afternoon,OP-0112,INS-2178,Factory-A2,2,74.9,scratch,2.0,0.2284565532339088,0,1
INSP-0036,2024-05-24,2024-05-24 14:10:09,PRD-01,afternoon,OP-0112,INS-2178,Factory-A2,2,74.9,scratch,2.0,0.0357890720750572,0,1
INSP-0036,2024-05-24,2024-05-24 14:10:09,PRD-01,afternoon,OP-0112,INS-2178,Factory-A2,2,74.9,scratch,2.0,0.0357890720750572,0,1
INSP-0037,2024-05-25,2024-05-26 01:16:27,PRD-03,night,OP-2517,INS-0342,Factory-Z3,5,55.2,cracking,3.0,0.0330215951200614,0,1
INSP-0037,2024-05-25,2024-05-26 01:16:27,PRD-03,night,OP-2517,INS-0342,Factory-Z3,5,55.2,cracking,3.0,0.0330215951200614,0,1
INSP-0037,2024-05-25,2024-05-26 01:16:27,PRD-03,night,OP-2517,INS-0342,Factory-Z3,5,55.2,cracking,3.0,0.1629946651263185,0,1
INSP-0037,2024-05-25,2024-05-26 01:16:27,PRD-03,night,OP-2517,INS-0342,Factory-Z3,5,55.2,cracking,3.0,0.1629946651263185,0,1
INSP-0038,2024-05-26,2024-05-26 10:06:53,PRD-04,morning,OP-5691,INS-2231,Factory-Y7,0,98.7,0,0.0,0.0633015137350441,0,0
INSP-0038,2024-05-26,2024-05-26 10:06:53,PRD-04,morning,OP-5691,INS-2231,Factory-Y7,0,98.7,0,0.0,0.0633015137350441,0,0
INSP-0038,2024-05-26,2024-05-26 10:06:53,PRD-04,morning,OP-5691,INS-2231,Factory-Y7,0,98.7,0,0.0,0.0823337396652158,0,0
INSP-0038,2024-05-26,2024-05-26 10:06:53,PRD-04,morning,OP-5691,INS-2231,Factory-Y7,0,98.7,0,0.0,0.0823337396652158,0,0
INSP-0039,2024-05-27,2024-05-27 15:35:11,PRD-01,afternoon,OP-0001,INS-9052,Factory-G9,2,76.1,discoloration,2.0,0.3614151839948257,0,1
INSP-0039,2024-05-27,2024-05-27 15:35:11,PRD-01,afternoon,OP-0001,INS-9052,Factory-G9,2,76.1,discoloration,2.0,0.3614151839948257,0,1
INSP-0039,2024-05-27,2024-05-27 15:35:11,PRD-01,afternoon,OP-0001,INS-9052,Factory-G9,2,76.1,discoloration,2.0,0.2958525972059639,0,1
INSP-0039,2024-05-27,2024-05-27 15:35:11,PRD-01,afternoon,OP-0001,INS-9052,Factory-G9,2,76.1,discoloration,2.0,0.2958525972059639,0,1
INSP-0040,2024-05-28,2024-05-29 02:55:43,PRD-02,night,OP-3452,INS-0342,Factory-X0,10,45.8,misalignment,4.0,0.0315399532807819,0,1
INSP-0040,2024-05-28,2024-05-29 02:55:43,PRD-02,night,OP-3452,INS-0342,Factory-X0,10,45.8,misalignment,4.0,0.0315399532807819,0,1
INSP-0040,2024-05-28,2024-05-29 02:55:43,PRD-02,night,OP-3452,INS-0342,Factory-X0,10,45.8,misalignment,4.0,0.1842744299927217,0,1
INSP-0040,2024-05-28,2024-05-29 02:55:43,PRD-02,night,OP-3452,INS-0342,Factory-X0,10,45.8,misalignment,4.0,0.1842744299927217,0,1
INSP-0041,2024-05-29,2024-05-29 08:30:17,PRD-03,morning,OP-4178,INS-5961,Factory-A2,0,100.0,0,0.0,0.052541831044465,0,0
INSP-0041,2024-05-29,2024-05-29 08:30:17,PRD-03,morning,OP-4178,INS-5961,Factory-A2,0,100.0,0,0.0,0.052541831044465,0,0
INSP-0041,2024-05-29,2024-05-29 08:30:17,PRD-03,morning,OP-4178,INS-5961,Factory-A2,0,100.0,0,0.0,0.013695079186059,0,0
INSP-0041,2024-05-29,2024-05-29 08:30:17,PRD-03,morning,OP-4178,INS-5961,Factory-A2,0,100.0,0,0.0,0.013695079186059,0,0
INSP-0042,2024-05-30,2024-05-30 16:01:33,PRD-01,afternoon,OP-2186,INS-9052,Factory-Z3,2,73.2,marking,2.0,0.3852256081972376,0,1
INSP-0042,2024-05-30,2024-05-30 16:01:33,PRD-01,afternoon,OP-2186,INS-9052,Factory-Z3,2,73.2,marking,2.0,0.3852256081972376,0,1
INSP-0042,2024-05-30,2024-05-30 16:01:33,PRD-01,afternoon,OP-2186,INS-9052,Factory-Z3,2,73.2,marking,2.0,0.2475608266487102,0,1
INSP-0042,2024-05-30,2024-05-30 16:01:33,PRD-01,afternoon,OP-2186,INS-9052,Factory-Z3,2,73.2,marking,2.0,0.2475608266487102,0,1
INSP-0043,2024-05-31,2024-06-01 00:57:28,PRD-02,night,OP-0033,INS-0342,Factory-X0,16,40.2,cracking,4.0,0.0604827609253572,0,1
INSP-0043,2024-05-31,2024-06-01 00:57:28,PRD-02,night,OP-0033,INS-0342,Factory-X0,16,40.2,cracking,4.0,0.0604827609253572,0,1
INSP-0043,2024-05-31,2024-06-01 00:57:28,PRD-02,night,OP-0033,INS-0342,Factory-X0,16,40.2,cracking,4.0,0.0429301020666496,0,1
INSP-0043,2024-05-31,2024-06-01 00:57:28,PRD-02,night,OP-0033,INS-0342,Factory-X0,16,40.2,cracking,4.0,0.0429301020666496,0,1
INSP-0044,2024-05-15,2024-05-15 10:18:09,PRD-04,morning,OP-5691,INS-2231,Factory-Y7,0,99.2,0,0.0,0.0582815439662228,0,0
INSP-0044,2024-05-15,2024-05-15 10:18:09,PRD-04,morning,OP-5691,INS-2231,Factory-Y7,0,99.2,0,0.0,0.0582815439662228,0,0
INSP-0044,2024-05-15,2024-05-15 10:18:09,PRD-04,morning,OP-5691,INS-2231,Factory-Y7,0,99.2,0,0.0,0.1849829734048077,0,0
INSP-0044,2024-05-15,2024-05-15 10:18:09,PRD-04,morning,OP-5691,INS-2231,Factory-Y7,0,99.2,0,0.0,0.1849829734048077,0,0
INSP-0045,2024-01-01,2024-01-01 14:29:15,PRD-01,afternoon,OP-0001,INS-9052,Factory-G9,0,100.0,0,0.0,0.3614151839948257,0,0
INSP-0045,2024-01-01,2024-01-01 14:29:15,PRD-01,afternoon,OP-0001,INS-9052,Factory-G9,0,100.0,0,0.0,0.3614151839948257,0,0
INSP-0045,2024-01-01,2024-01-01 14:29:15,PRD-01,afternoon,OP-0001,INS-9052,Factory-G9,0,100.0,0,0.0,0.0420979856613921,0,0
INSP-0045,2024-01-01,2024-01-01 14:29:15,PRD-01,afternoon,OP-0001,INS-9052,Factory-G9,0,100.0,0,0.0,0.0420979856613921,0,0
INSP-0046,2023-02-28,2023-03-01 01:18:49,PRD-02,night,OP-2186,INS-0342,Factory-E1,20,0.0,major_crack,4.0,0.0355254930732957,0,1
INSP-0046,2023-02-28,2023-03-01 01:18:49,PRD-02,night,OP-2186,INS-0342,Factory-E1,20,0.0,major_crack,4.0,0.0355254930732957,0,1
INSP-0046,2023-02-28,2023-03-01 01:18:49,PRD-02,night,OP-2186,INS-0342,Factory-E1,20,0.0,major_crack,4.0,0.0962210733712989,0,1
INSP-0046,2023-02-28,2023-03-01 01:18:49,PRD-02,night,OP-2186,INS-0342,Factory-E1,20,0.0,major_crack,4.0,0.0962210733712989,0,1
INSP-0047,2024-05-03,2024-05-03 08:46:22,PRD-03,morning,OP-2517,INS-9052,Factory-X0,0,99.6,0,0.0,0.094485463894493,0,0
INSP-0047,2024-05-03,2024-05-03 08:46:22,PRD-03,morning,OP-2517,INS-9052,Factory-X0,0,99.6,0,0.0,0.094485463894493,0,0
INSP-0047,2024-05-03,2024-05-03 08:46:22,PRD-03,morning,OP-2517,INS-9052,Factory-X0,0,99.6,0,0.0,0.1598133773283062,0,0
INSP-0047,2024-05-03,2024-05-03 08:46:22,PRD-03,morning,OP-2517,INS-9052,Factory-X0,0,99.6,0,0.0,0.1598133773283062,0,0
INSP-0048,2024-05-04,2024-05-04 14:31:01,PRD-04,afternoon,OP-0033,INS-2178,Factory-Y7,0,83.0,0,0.0,0.2498026862498747,0,0
INSP-0048,2024-05-04,2024-05-04 14:31:01,PRD-04,afternoon,OP-0033,INS-2178,Factory-Y7,0,83.0,0,0.0,0.2498026862498747,0,0
INSP-0048,2024-05-04,2024-05-04 14:31:01,PRD-04,afternoon,OP-0033,INS-2178,Factory-Y7,0,83.0,0,0.0,0.031331731244046,0,0
INSP-0048,2024-05-04,2024-05-04 14:31:01,PRD-04,afternoon,OP-0033,INS-2178,Factory-Y7,0,83.0,0,0.0,0.031331731244046,0,0
INSP-0049,2024-05-05,2024-05-06 00:10:04,PRD-01,night,OP-4178,INS-0342,Factory-Z3,5,58.6,contamination,3.0,0.037046510545211,0,1
INSP-0049,2024-05-05,2024-05-06 00:10:04,PRD-01,night,OP-4178,INS-0342,Factory-Z3,5,58.6,contamination,3.0,0.037046510545211,0,1
INSP-0049,2024-05-05,2024-05-06 00:10:04,PRD-01,night,OP-4178,INS-0342,Factory-Z3,5,58.6,contamination,3.0,0.1361966176594118,0,1
INSP-0049,2024-05-05,2024-05-06 00:10:04,PRD-01,night,OP-4178,INS-0342,Factory-Z3,5,58.6,contamination,3.0,0.1361966176594118,0,1
INSP-0050,2024-05-06,2024-05-06 15:20:38,PRD-02,afternoon,OP-5691,INS-9052,Factory-A2,0,89.9,0,0.0,0.0995181621377079,0,0
INSP-0050,2024-05-06,2024-05-06 15:20:38,PRD-02,afternoon,OP-5691,INS-9052,Factory-A2,0,89.9,0,0.0,0.0995181621377079,0,0
INSP-0050,2024-05-06,2024-05-06 15:20:38,PRD-02,afternoon,OP-5691,INS-9052,Factory-A2,0,89.9,0,0.0,0.1156307724117706,0,0
INSP-0050,2024-05-06,2024-05-06 15:20:38,PRD-02,afternoon,OP-5691,INS-9052,Factory-A2,0,89.9,0,0.0,0.1156307724117706,0,0
INSP-20001,2024-06-01,2024-06-01 09:23:00,PRD-01,morning,OP-0033,INS-1001,Factory-E1,0,99.5,0,0.0,0.1911482810386636,0,0
INSP-20001,2024-06-01,2024-06-01 09:23:00,PRD-01,morning,OP-0033,INS-1001,Factory-E1,0,99.5,0,0.0,0.1911482810386636,0,0
INSP-20001,2024-06-01,2024-06-01 09:23:00,PRD-01,morning,OP-0033,INS-1001,Factory-E1,0,99.5,0,0.0,0.078138517217915,0,0
INSP-20001,2024-06-01,2024-06-01 09:23:00,PRD-01,morning,OP-0033,INS-1001,Factory-E1,0,99.5,0,0.0,0.078138517217915,0,0
INSP-20002,2024-06-01,2024-06-01 15:34:00,PRD-02,afternoon,OP-2186,INS-1002,Factory-A2,1,83.7,scratch,1.0,0.1724276946533945,0,1
INSP-20002,2024-06-01,2024-06-01 15:34:00,PRD-02,afternoon,OP-2186,INS-1002,Factory-A2,1,83.7,scratch,1.0,0.1724276946533945,0,1
INSP-20002,2024-06-01,2024-06-01 15:34:00,PRD-02,afternoon,OP-2186,INS-1002,Factory-A2,1,83.7,scratch,1.0,0.1870135524662846,0,1
INSP-20002,2024-06-01,2024-06-01 15:34:00,PRD-02,afternoon,OP-2186,INS-1002,Factory-A2,1,83.7,scratch,1.0,0.1870135524662846,0,1
INSP-20003,2024-06-01,2024-06-02 00:45:00,PRD-03,night,OP-5691,INS-1003,Factory-Z3,5,67.4,misalignment,3.0,0.0195078045619776,0,1
INSP-20003,2024-06-01,2024-06-02 00:45:00,PRD-03,night,OP-5691,INS-1003,Factory-Z3,5,67.4,misalignment,3.0,0.0195078045619776,0,1
INSP-20003,2024-06-01,2024-06-02 00:45:00,PRD-03,night,OP-5691,INS-1003,Factory-Z3,5,67.4,misalignment,3.0,0.0483146635265876,0,1
INSP-20003,2024-06-01,2024-06-02 00:45:00,PRD-03,night,OP-5691,INS-1003,Factory-Z3,5,67.4,misalignment,3.0,0.0483146635265876,0,1
INSP-20004,2024-06-01,2024-06-01 10:12:00,PRD-04,morning,OP-0112,INS-1004,Factory-Y7,0,97.2,0,0.0,0.1285869937229753,0,0
INSP-20004,2024-06-01,2024-06-01 10:12:00,PRD-04,morning,OP-0112,INS-1004,Factory-Y7,0,97.2,0,0.0,0.1285869937229753,0,0
INSP-20004,2024-06-01,2024-06-01 10:12:00,PRD-04,morning,OP-0112,INS-1004,Factory-Y7,0,97.2,0,0.0,0.117068822257539,0,0
INSP-20004,2024-06-01,2024-06-01 10:12:00,PRD-04,morning,OP-0112,INS-1004,Factory-Y7,0,97.2,0,0.0,0.117068822257539,0,0
INSP-20005,2024-06-02,2024-06-02 14:19:00,PRD-01,afternoon,OP-0033,INS-1001,Factory-E1,0,89.1,0,0.0,0.3233932967972135,0,0
INSP-20005,2024-06-02,2024-06-02 14:19:00,PRD-01,afternoon,OP-0033,INS-1001,Factory-E1,0,89.1,0,0.0,0.3233932967972135,0,0
INSP-20005,2024-06-02,2024-06-02 14:19:00,PRD-01,afternoon,OP-0033,INS-1001,Factory-E1,0,89.1,0,0.0,0.2467238241574613,0,0
INSP-20005,2024-06-02,2024-06-02 14:19:00,PRD-01,afternoon,OP-0033,INS-1001,Factory-E1,0,89.1,0,0.0,0.2467238241574613,0,0
INSP-20006,2024-06-02,2024-06-03 01:03:00,PRD-02,night,OP-2517,INS-1005,Factory-X0,8,49.8,contamination,4.0,0.0433486132115562,0,1
INSP-20006,2024-06-02,2024-06-03 01:03:00,PRD-02,night,OP-2517,INS-1005,Factory-X0,8,49.8,contamination,4.0,0.0433486132115562,0,1
INSP-20006,2024-06-02,2024-06-03 01:03:00,PRD-02,night,OP-2517,INS-1005,Factory-X0,8,49.8,contamination,4.0,0.0384400579090191,0,1
INSP-20006,2024-06-02,2024-06-03 01:03:00,PRD-02,night,OP-2517,INS-1005,Factory-X0,8,49.8,contamination,4.0,0.0384400579090191,0,1
INSP-20007,2024-06-02,2024-06-02 08:55:00,PRD-03,morning,OP-4178,INS-1006,Factory-G9,0,100.0,0,0.0,0.0799530849378673,0,0
INSP-20007,2024-06-02,2024-06-02 08:55:00,PRD-03,morning,OP-4178,INS-1006,Factory-G9,0,100.0,0,0.0,0.0799530849378673,0,0
INSP-20007,2024-06-02,2024-06-02 08:55:00,PRD-03,morning,OP-4178,INS-1006,Factory-G9,0,100.0,0,0.0,0.0984044229683084,0,0
INSP-20007,2024-06-02,2024-06-02 08:55:00,PRD-03,morning,OP-4178,INS-1006,Factory-G9,0,100.0,0,0.0,0.0984044229683084,0,0
INSP-20008,2024-06-03,2024-06-03 16:10:00,PRD-04,afternoon,OP-0001,INS-1002,Factory-A2,2,79.4,marking,2.0,0.1721896053545936,0,1
INSP-20008,2024-06-03,2024-06-03 16:10:00,PRD-04,afternoon,OP-0001,INS-1002,Factory-A2,2,79.4,marking,2.0,0.1721896053545936,0,1
INSP-20008,2024-06-03,2024-06-03 16:10:00,PRD-04,afternoon,OP-0001,INS-1002,Factory-A2,2,79.4,marking,2.0,0.179037699720662,0,1
INSP-20008,2024-06-03,2024-06-03 16:10:00,PRD-04,afternoon,OP-0001,INS-1002,Factory-A2,2,79.4,marking,2.0,0.179037699720662,0,1
INSP-20009,2024-06-03,2024-06-04 01:44:00,PRD-01,night,OP-5691,INS-1007,Factory-Z3,4,61.2,cracking,3.0,0.0300716831753592,0,1
INSP-20009,2024-06-03,2024-06-04 01:44:00,PRD-01,night,OP-5691,INS-1007,Factory-Z3,4,61.2,cracking,3.0,0.0300716831753592,0,1
INSP-20009,2024-06-03,2024-06-04 01:44:00,PRD-01,night,OP-5691,INS-1007,Factory-Z3,4,61.2,cracking,3.0,0.0430352143421584,0,1
INSP-20009,2024-06-03,2024-06-04 01:44:00,PRD-01,night,OP-5691,INS-1007,Factory-Z3,4,61.2,cracking,3.0,0.0430352143421584,0,1
INSP-20010,2024-06-03,2024-06-03 11:27:00,PRD-02,morning,OP-1674,INS-1004,Factory-E1,0,98.8,0,0.0,0.130524666409531,0,0
INSP-20010,2024-06-03,2024-06-03 11:27:00,PRD-02,morning,OP-1674,INS-1004,Factory-E1,0,98.8,0,0.0,0.130524666409531,0,0
INSP-20010,2024-06-03,2024-06-03 11:27:00,PRD-02,morning,OP-1674,INS-1004,Factory-E1,0,98.8,0,0.0,0.0881581204088765,0,0
INSP-20010,2024-06-03,2024-06-03 11:27:00,PRD-02,morning,OP-1674,INS-1004,Factory-E1,0,98.8,0,0.0,0.0881581204088765,0,0
INSP-20011,2024-06-04,2024-06-04 15:48:00,PRD-03,afternoon,OP-0033,INS-1002,Factory-Y7,2,77.9,dent,1.0,0.3411445609160122,0,1
INSP-20011,2024-06-04,2024-06-04 15:48:00,PRD-03,afternoon,OP-0033,INS-1002,Factory-Y7,2,77.9,dent,1.0,0.3411445609160122,0,1
INSP-20011,2024-06-04,2024-06-04 15:48:00,PRD-03,afternoon,OP-0033,INS-1002,Factory-Y7,2,77.9,dent,1.0,0.2352843187179994,0,1
INSP-20011,2024-06-04,2024-06-04 15:48:00,PRD-03,afternoon,OP-0033,INS-1002,Factory-Y7,2,77.9,dent,1.0,0.2352843187179994,0,1
INSP-20012,2024-06-04,2024-06-05 02:09:00,PRD-04,night,OP-4178,INS-1008,Factory-G9,10,40.7,mislabel,4.0,0.0111313592031309,0,1
INSP-20012,2024-06-04,2024-06-05 02:09:00,PRD-04,night,OP-4178,INS-1008,Factory-G9,10,40.7,mislabel,4.0,0.0111313592031309,0,1
INSP-20012,2024-06-04,2024-06-05 02:09:00,PRD-04,night,OP-4178,INS-1008,Factory-G9,10,40.7,mislabel,4.0,0.0503738569114389,0,1
INSP-20012,2024-06-04,2024-06-05 02:09:00,PRD-04,night,OP-4178,INS-1008,Factory-G9,10,40.7,mislabel,4.0,0.0503738569114389,0,1
INSP-20013,2024-06-04,2024-06-04 08:31:00,PRD-01,morning,OP-2517,INS-1009,Factory-E1,0,92.3,0,0.0,0.1423901744649768,0,0
INSP-20013,2024-06-04,2024-06-04 08:31:00,PRD-01,morning,OP-2517,INS-1009,Factory-E1,0,92.3,0,0.0,0.1423901744649768,0,0
INSP-20013,2024-06-04,2024-06-04 08:31:00,PRD-01,morning,OP-2517,INS-1009,Factory-E1,0,92.3,0,0.0,0.1761164141852728,0,0
INSP-20013,2024-06-04,2024-06-04 08:31:00,PRD-01,morning,OP-2517,INS-1009,Factory-E1,0,92.3,0,0.0,0.1761164141852728,0,0
INSP-20014,2024-06-05,2024-06-05 16:51:00,PRD-02,afternoon,OP-0033,INS-1003,Factory-A2,2,80.5,discoloration,2.0,0.2672664124653146,0,1
INSP-20014,2024-06-05,2024-06-05 16:51:00,PRD-02,afternoon,OP-0033,INS-1003,Factory-A2,2,80.5,discoloration,2.0,0.2672664124653146,0,1
INSP-20014,2024-06-05,2024-06-05 16:51:00,PRD-02,afternoon,OP-0033,INS-1003,Factory-A2,2,80.5,discoloration,2.0,0.1445040153226236,0,1
INSP-20014,2024-06-05,2024-06-05 16:51:00,PRD-02,afternoon,OP-0033,INS-1003,Factory-A2,2,80.5,discoloration,2.0,0.1445040153226236,0,1
INSP-20015,2024-06-05,2024-06-06 00:14:00,PRD-03,night,OP-5691,INS-1005,Factory-Z3,6,65.1,misalignment,3.0,0.0136599104051322,0,1
INSP-20015,2024-06-05,2024-06-06 00:14:00,PRD-03,night,OP-5691,INS-1005,Factory-Z3,6,65.1,misalignment,3.0,0.0136599104051322,0,1
INSP-20015,2024-06-05,2024-06-06 00:14:00,PRD-03,night,OP-5691,INS-1005,Factory-Z3,6,65.1,misalignment,3.0,0.2762505453669994,0,1
INSP-20015,2024-06-05,2024-06-06 00:14:00,PRD-03,night,OP-5691,INS-1005,Factory-Z3,6,65.1,misalignment,3.0,0.2762505453669994,0,1
INSP-20016,2024-06-05,2024-06-05 09:14:00,PRD-04,morning,OP-7777,INS-1006,Factory-Y7,0,99.8,0,0.0,0.0501000027805522,0,0
INSP-20016,2024-06-05,2024-06-05 09:14:00,PRD-04,morning,OP-7777,INS-1006,Factory-Y7,0,99.8,0,0.0,0.0501000027805522,0,0
INSP-20016,2024-06-05,2024-06-05 09:14:00,PRD-04,morning,OP-7777,INS-1006,Factory-Y7,0,99.8,0,0.0,0.1219445532494609,0,0
INSP-20016,2024-06-05,2024-06-05 09:14:00,PRD-04,morning,OP-7777,INS-1006,Factory-Y7,0,99.8,0,0.0,0.1219445532494609,0,0
INSP-20017,2024-06-06,2024-06-06 14:55:00,PRD-01,afternoon,OP-0112,INS-1001,Factory-E1,2,76.3,marking,1.0,0.3050772492953628,0,1
INSP-20017,2024-06-06,2024-06-06 14:55:00,PRD-01,afternoon,OP-0112,INS-1001,Factory-E1,2,76.3,marking,1.0,0.3050772492953628,0,1
INSP-20017,2024-06-06,2024-06-06 14:55:00,PRD-01,afternoon,OP-0112,INS-1001,Factory-E1,2,76.3,marking,1.0,0.2141616289808459,0,1
INSP-20017,2024-06-06,2024-06-06 14:55:00,PRD-01,afternoon,OP-0112,INS-1001,Factory-E1,2,76.3,marking,1.0,0.2141616289808459,0,1
INSP-20018,2024-06-06,2024-06-07 01:12:00,PRD-02,night,OP-2517,INS-1002,Factory-X0,7,55.2,contamination,4.0,0.0406986296432465,0,1
INSP-20018,2024-06-06,2024-06-07 01:12:00,PRD-02,night,OP-2517,INS-1002,Factory-X0,7,55.2,contamination,4.0,0.0406986296432465,0,1
INSP-20018,2024-06-06,2024-06-07 01:12:00,PRD-02,night,OP-2517,INS-1002,Factory-X0,7,55.2,contamination,4.0,0.1410183689275248,0,1
INSP-20018,2024-06-06,2024-06-07 01:12:00,PRD-02,night,OP-2517,INS-1002,Factory-X0,7,55.2,contamination,4.0,0.1410183689275248,0,1
INSP-20019,2024-06-06,2024-06-06 10:44:00,PRD-03,morning,OP-4178,INS-1004,Factory-G9,0,96.1,0,0.0,0.082299133097624,0,0
INSP-20019,2024-06-06,2024-06-06 10:44:00,PRD-03,morning,OP-4178,INS-1004,Factory-G9,0,96.1,0,0.0,0.082299133097624,0,0
INSP-20019,2024-06-06,2024-06-06 10:44:00,PRD-03,morning,OP-4178,INS-1004,Factory-G9,0,96.1,0,0.0,0.0764787796949957,0,0
INSP-20019,2024-06-06,2024-06-06 10:44:00,PRD-03,morning,OP-4178,INS-1004,Factory-G9,0,96.1,0,0.0,0.0764787796949957,0,0
INSP-20020,2024-06-07,2024-06-07 16:02:00,PRD-04,afternoon,OP-0033,INS-1005,Factory-A2,2,72.5,foreign_object,2.0,0.1468038195310161,0,1
INSP-20020,2024-06-07,2024-06-07 16:02:00,PRD-04,afternoon,OP-0033,INS-1005,Factory-A2,2,72.5,foreign_object,2.0,0.1468038195310161,0,1
INSP-20020,2024-06-07,2024-06-07 16:02:00,PRD-04,afternoon,OP-0033,INS-1005,Factory-A2,2,72.5,foreign_object,2.0,0.0183004467263878,0,1
INSP-20020,2024-06-07,2024-06-07 16:02:00,PRD-04,afternoon,OP-0033,INS-1005,Factory-A2,2,72.5,foreign_object,2.0,0.0183004467263878,0,1
INSP-20021,2024-06-07,2024-06-08 00:29:00,PRD-01,night,OP-5691,INS-1006,Factory-Z3,19,8.2,major_crack,4.0,0.028262694122379,0,1
INSP-20021,2024-06-07,2024-06-08 00:29:00,PRD-01,night,OP-5691,INS-1006,Factory-Z3,19,8.2,major_crack,4.0,0.028262694122379,0,1
INSP-20021,2024-06-07,2024-06-08 00:29:00,PRD-01,night,OP-5691,INS-1006,Factory-Z3,19,8.2,major_crack,4.0,0.4720517284076607,0,1
INSP-20021,2024-06-07,2024-06-08 00:29:00,PRD-01,night,OP-5691,INS-1006,Factory-Z3,19,8.2,major_crack,4.0,0.4720517284076607,0,1
INSP-20022,2024-06-07,2024-06-07 09:07:00,PRD-02,morning,OP-0001,INS-1007,Factory-E1,0,95.7,0,0.0,0.1533173367577751,0,0
INSP-20022,2024-06-07,2024-06-07 09:07:00,PRD-02,morning,OP-0001,INS-1007,Factory-E1,0,95.7,0,0.0,0.1533173367577751,0,0
INSP-20022,2024-06-07,2024-06-07 09:07:00,PRD-02,morning,OP-0001,INS-1007,Factory-E1,0,95.7,0,0.0,0.0343042172829401,0,0
INSP-20022,2024-06-07,2024-06-07 09:07:00,PRD-02,morning,OP-0001,INS-1007,Factory-E1,0,95.7,0,0.0,0.0343042172829401,0,0
INSP-20023,2024-06-08,2024-06-08 15:29:00,PRD-03,afternoon,OP-0033,INS-1008,Factory-Y7,1,78.4,dent,1.0,0.3046571545946588,0,1
INSP-20023,2024-06-08,2024-06-08 15:29:00,PRD-03,afternoon,OP-0033,INS-1008,Factory-Y7,1,78.4,dent,1.0,0.3046571545946588,0,1
INSP-20023,2024-06-08,2024-06-08 15:29:00,PRD-03,afternoon,OP-0033,INS-1008,Factory-Y7,1,78.4,dent,1.0,0.0205459426128107,0,1
INSP-20023,2024-06-08,2024-06-08 15:29:00,PRD-03,afternoon,OP-0033,INS-1008,Factory-Y7,1,78.4,dent,1.0,0.0205459426128107,0,1
INSP-20024,2024-06-08,2024-06-09 02:55:00,PRD-04,night,OP-4178,INS-1009,Factory-G9,12,41.5,cracking,4.0,0.0148458384863948,0,1
INSP-20024,2024-06-08,2024-06-09 02:55:00,PRD-04,night,OP-4178,INS-1009,Factory-G9,12,41.5,cracking,4.0,0.0148458384863948,0,1
INSP-20024,2024-06-08,2024-06-09 02:55:00,PRD-04,night,OP-4178,INS-1009,Factory-G9,12,41.5,cracking,4.0,0.2831475695864439,0,1
INSP-20024,2024-06-08,2024-06-09 02:55:00,PRD-04,night,OP-4178,INS-1009,Factory-G9,12,41.5,cracking,4.0,0.2831475695864439,0,1
INSP-20025,2024-06-08,2024-06-08 11:46:00,PRD-01,morning,OP-2517,INS-1001,Factory-E1,0,100.0,0,0.0,0.1285752874013556,0,0
INSP-20025,2024-06-08,2024-06-08 11:46:00,PRD-01,morning,OP-2517,INS-1001,Factory-E1,0,100.0,0,0.0,0.1285752874013556,0,0
INSP-20025,2024-06-08,2024-06-08 11:46:00,PRD-01,morning,OP-2517,INS-1001,Factory-E1,0,100.0,0,0.0,0.033146532066826,0,0
INSP-20025,2024-06-08,2024-06-08 11:46:00,PRD-01,morning,OP-2517,INS-1001,Factory-E1,0,100.0,0,0.0,0.033146532066826,0,0
INSP-20026,2024-06-09,2024-06-09 16:44:00,PRD-02,afternoon,OP-0033,INS-1002,Factory-A2,1,77.3,scratch,1.0,0.2495864632503857,0,1
INSP-20026,2024-06-09,2024-06-09 16:44:00,PRD-02,afternoon,OP-0033,INS-1002,Factory-A2,1,77.3,scratch,1.0,0.2495864632503857,0,1
INSP-20026,2024-06-09,2024-06-09 16:44:00,PRD-02,afternoon,OP-0033,INS-1002,Factory-A2,1,77.3,scratch,1.0,0.0765007452725093,0,1
INSP-20026,2024-06-09,2024-06-09 16:44:00,PRD-02,afternoon,OP-0033,INS-1002,Factory-A2,1,77.3,scratch,1.0,0.0765007452725093,0,1
INSP-20027,2024-06-09,2024-06-10 00:58:00,PRD-03,night,OP-5691,INS-1003,Factory-Z3,5,62.6,cracking,3.0,0.0194636713837633,0,1
INSP-20027,2024-06-09,2024-06-10 00:58:00,PRD-03,night,OP-5691,INS-1003,Factory-Z3,5,62.6,cracking,3.0,0.0194636713837633,0,1
INSP-20027,2024-06-09,2024-06-10 00:58:00,PRD-03,night,OP-5691,INS-1003,Factory-Z3,5,62.6,cracking,3.0,0.0255382008784506,0,1
INSP-20027,2024-06-09,2024-06-10 00:58:00,PRD-03,night,OP-5691,INS-1003,Factory-Z3,5,62.6,cracking,3.0,0.0255382008784506,0,1
INSP-20028,2024-06-09,2024-06-09 08:18:00,PRD-04,morning,OP-0112,INS-1004,Factory-Y7,0,95.8,0,0.0,0.1336770025482573,0,0
INSP-20028,2024-06-09,2024-06-09 08:18:00,PRD-04,morning,OP-0112,INS-1004,Factory-Y7,0,95.8,0,0.0,0.1336770025482573,0,0
INSP-20028,2024-06-09,2024-06-09 08:18:00,PRD-04,morning,OP-0112,INS-1004,Factory-Y7,0,95.8,0,0.0,0.0257892345242022,0,0
INSP-20028,2024-06-09,2024-06-09 08:18:00,PRD-04,morning,OP-0112,INS-1004,Factory-Y7,0,95.8,0,0.0,0.0257892345242022,0,0
INSP-20029,2024-06-10,2024-06-10 15:41:00,PRD-01,afternoon,OP-7777,INS-1005,Factory-A2,2,74.2,discoloration,2.0,0.1033386808607192,0,1
INSP-20029,2024-06-10,2024-06-10 15:41:00,PRD-01,afternoon,OP-7777,INS-1005,Factory-A2,2,74.2,discoloration,2.0,0.1033386808607192,0,1
INSP-20029,2024-06-10,2024-06-10 15:41:00,PRD-01,afternoon,OP-7777,INS-1005,Factory-A2,2,74.2,discoloration,2.0,0.1537669745758008,0,1
INSP-20029,2024-06-10,2024-06-10 15:41:00,PRD-01,afternoon,OP-7777,INS-1005,Factory-A2,2,74.2,discoloration,2.0,0.1537669745758008,0,1
INSP-20030,2024-06-10,2024-06-11 02:06:00,PRD-02,night,OP-2517,INS-1006,Factory-X0,9,51.4,contamination,4.0,0.0433107063422288,0,1
INSP-20030,2024-06-10,2024-06-11 02:06:00,PRD-02,night,OP-2517,INS-1006,Factory-X0,9,51.4,contamination,4.0,0.0433107063422288,0,1
INSP-20030,2024-06-10,2024-06-11 02:06:00,PRD-02,night,OP-2517,INS-1006,Factory-X0,9,51.4,contamination,4.0,0.2755240774449744,0,1
INSP-20030,2024-06-10,2024-06-11 02:06:00,PRD-02,night,OP-2517,INS-1006,Factory-X0,9,51.4,contamination,4.0,0.2755240774449744,0,1
INSP-20031,2024-06-10,2024-06-10 10:56:00,PRD-03,morning,OP-4178,INS-1007,Factory-G9,0,99.6,0,0.0,0.0705393060261965,0,0
INSP-20031,2024-06-10,2024-06-10 10:56:00,PRD-03,morning,OP-4178,INS-1007,Factory-G9,0,99.6,0,0.0,0.0705393060261965,0,0
INSP-20031,2024-06-10,2024-06-10 10:56:00,PRD-03,morning,OP-4178,INS-1007,Factory-G9,0,99.6,0,0.0,0.0364274116255005,0,0
INSP-20031,2024-06-10,2024-06-10 10:56:00,PRD-03,morning,OP-4178,INS-1007,Factory-G9,0,99.6,0,0.0,0.0364274116255005,0,0
INSP-20032,2024-06-11,2024-06-11 14:22:00,PRD-04,afternoon,OP-0033,INS-1002,Factory-A2,1,82.1,scratch,1.0,0.1843932725308005,0,1
INSP-20032,2024-06-11,2024-06-11 14:22:00,PRD-04,afternoon,OP-0033,INS-1002,Factory-A2,1,82.1,scratch,1.0,0.1843932725308005,0,1
INSP-20032,2024-06-11,2024-06-11 14:22:00,PRD-04,afternoon,OP-0033,INS-1002,Factory-A2,1,82.1,scratch,1.0,0.0308964010856966,0,1
INSP-20032,2024-06-11,2024-06-11 14:22:00,PRD-04,afternoon,OP-0033,INS-1002,Factory-A2,1,82.1,scratch,1.0,0.0308964010856966,0,1
INSP-20033,2024-06-11,2024-06-12 01:21:00,PRD-01,night,OP-5691,INS-1003,Factory-Z3,11,44.9,cracking,4.0,0.0282432345669945,0,1
INSP-20033,2024-06-11,2024-06-12 01:21:00,PRD-01,night,OP-5691,INS-1003,Factory-Z3,11,44.9,cracking,4.0,0.0282432345669945,0,1
INSP-20033,2024-06-11,2024-06-12 01:21:00,PRD-01,night,OP-5691,INS-1003,Factory-Z3,11,44.9,cracking,4.0,0.2481480055551202,0,1
INSP-20033,2024-06-11,2024-06-12 01:21:00,PRD-01,night,OP-5691,INS-1003,Factory-Z3,11,44.9,cracking,4.0,0.2481480055551202,0,1
INSP-20034,2024-06-11,2024-06-11 10:13:00,PRD-02,morning,OP-0001,INS-1004,Factory-E1,0,97.4,0,0.0,0.1904870396014728,0,0
INSP-20034,2024-06-11,2024-06-11 10:13:00,PRD-02,morning,OP-0001,INS-1004,Factory-E1,0,97.4,0,0.0,0.1904870396014728,0,0
INSP-20034,2024-06-11,2024-06-11 10:13:00,PRD-02,morning,OP-0001,INS-1004,Factory-E1,0,97.4,0,0.0,0.1737144094239563,0,0
INSP-20034,2024-06-11,2024-06-11 10:13:00,PRD-02,morning,OP-0001,INS-1004,Factory-E1,0,97.4,0,0.0,0.1737144094239563,0,0
INSP-20035,2024-06-12,2024-06-12 15:34:00,PRD-03,afternoon,OP-7777,INS-1005,Factory-A2,2,75.8,foreign_object,2.0,0.0811432844455448,0,1
INSP-20035,2024-06-12,2024-06-12 15:34:00,PRD-03,afternoon,OP-7777,INS-1005,Factory-A2,2,75.8,foreign_object,2.0,0.0811432844455448,0,1
INSP-20035,2024-06-12,2024-06-12 15:34:00,PRD-03,afternoon,OP-7777,INS-1005,Factory-A2,2,75.8,foreign_object,2.0,0.1624343119673992,0,1
INSP-20035,2024-06-12,2024-06-12 15:34:00,PRD-03,afternoon,OP-7777,INS-1005,Factory-A2,2,75.8,foreign_object,2.0,0.1624343119673992,0,1
INSP-20036,2024-06-12,2024-06-13 02:18:00,PRD-04,night,OP-2517,INS-1006,Factory-G9,7,59.5,mislabel,3.0,0.012294252350922,0,1
INSP-20036,2024-06-12,2024-06-13 02:18:00,PRD-04,night,OP-2517,INS-1006,Factory-G9,7,59.5,mislabel,3.0,0.012294252350922,0,1
INSP-20036,2024-06-12,2024-06-13 02:18:00,PRD-04,night,OP-2517,INS-1006,Factory-G9,7,59.5,mislabel,3.0,0.1125030638268118,0,1
INSP-20036,2024-06-12,2024-06-13 02:18:00,PRD-04,night,OP-2517,INS-1006,Factory-G9,7,59.5,mislabel,3.0,0.1125030638268118,0,1
INSP-20037,2024-06-12,2024-06-12 09:28:00,PRD-01,morning,OP-4178,INS-1007,Factory-E1,0,100.0,0,0.0,0.1084975208707946,0,0
INSP-20037,2024-06-12,2024-06-12 09:28:00,PRD-01,morning,OP-4178,INS-1007,Factory-E1,0,100.0,0,0.0,0.1084975208707946,0,0
INSP-20037,2024-06-12,2024-06-12 09:28:00,PRD-01,morning,OP-4178,INS-1007,Factory-E1,0,100.0,0,0.0,0.1563388273000571,0,0
INSP-20037,2024-06-12,2024-06-12 09:28:00,PRD-01,morning,OP-4178,INS-1007,Factory-E1,0,100.0,0,0.0,0.1563388273000571,0,0
INSP-20038,2024-06-13,2024-06-13 16:53:00,PRD-02,afternoon,OP-0033,INS-1002,Factory-A2,1,81.6,scratch,1.0,0.2588441774653375,0,1
INSP-20038,2024-06-13,2024-06-13 16:53:00,PRD-02,afternoon,OP-0033,INS-1002,Factory-A2,1,81.6,scratch,1.0,0.2588441774653375,0,1
INSP-20038,2024-06-13,2024-06-13 16:53:00,PRD-02,afternoon,OP-0033,INS-1002,Factory-A2,1,81.6,scratch,1.0,0.105841390221938,0,1
INSP-20038,2024-06-13,2024-06-13 16:53:00,PRD-02,afternoon,OP-0033,INS-1002,Factory-A2,1,81.6,scratch,1.0,0.105841390221938,0,1
INSP-20039,2024-06-13,2024-06-14 02:28:00,PRD-03,night,OP-5691,INS-1003,Factory-Z3,6,68.2,misalignment,3.0,0.0183922295842734,0,1
INSP-20039,2024-06-13,2024-06-14 02:28:00,PRD-03,night,OP-5691,INS-1003,Factory-Z3,6,68.2,misalignment,3.0,0.0183922295842734,0,1
INSP-20039,2024-06-13,2024-06-14 02:28:00,PRD-03,night,OP-5691,INS-1003,Factory-Z3,6,68.2,misalignment,3.0,0.2249449587291963,0,1
INSP-20039,2024-06-13,2024-06-14 02:28:00,PRD-03,night,OP-5691,INS-1003,Factory-Z3,6,68.2,misalignment,3.0,0.2249449587291963,0,1
INSP-20040,2024-06-13,2024-06-13 11:10:00,PRD-04,morning,OP-2517,INS-1004,Factory-Y7,0,95.9,0,0.0,0.0991170717726689,0,0
INSP-20040,2024-06-13,2024-06-13 11:10:00,PRD-04,morning,OP-2517,INS-1004,Factory-Y7,0,95.9,0,0.0,0.0991170717726689,0,0
INSP-20040,2024-06-13,2024-06-13 11:10:00,PRD-04,morning,OP-2517,INS-1004,Factory-Y7,0,95.9,0,0.0,0.2702195340287749,0,0
INSP-20040,2024-06-13,2024-06-13 11:10:00,PRD-04,morning,OP-2517,INS-1004,Factory-Y7,0,95.9,0,0.0,0.2702195340287749,0,0
INSP-20041,2024-06-14,2024-06-14 15:46:00,PRD-01,afternoon,OP-0033,INS-1005,Factory-A2,2,73.6,discoloration,2.0,0.2522361606392142,0,1
INSP-20041,2024-06-14,2024-06-14 15:46:00,PRD-01,afternoon,OP-0033,INS-1005,Factory-A2,2,73.6,discoloration,2.0,0.2522361606392142,0,1
INSP-20041,2024-06-14,2024-06-14 15:46:00,PRD-01,afternoon,OP-0033,INS-1005,Factory-A2,2,73.6,discoloration,2.0,0.2064435699267636,0,1
INSP-20041,2024-06-14,2024-06-14 15:46:00,PRD-01,afternoon,OP-0033,INS-1005,Factory-A2,2,73.6,discoloration,2.0,0.2064435699267636,0,1
INSP-20042,2024-06-14,2024-06-15 01:33:00,PRD-02,night,OP-2517,INS-1006,Factory-X0,8,49.2,contamination,4.0,0.041099226906437,0,1
INSP-20042,2024-06-14,2024-06-15 01:33:00,PRD-02,night,OP-2517,INS-1006,Factory-X0,8,49.2,contamination,4.0,0.041099226906437,0,1
INSP-20042,2024-06-14,2024-06-15 01:33:00,PRD-02,night,OP-2517,INS-1006,Factory-X0,8,49.2,contamination,4.0,0.0556023374304019,0,1
INSP-20042,2024-06-14,2024-06-15 01:33:00,PRD-02,night,OP-2517,INS-1006,Factory-X0,8,49.2,contamination,4.0,0.0556023374304019,0,1
INSP-20043,2024-06-14,2024-06-14 11:52:00,PRD-03,morning,OP-4178,INS-1007,Factory-G9,0,98.9,0,0.0,0.0646138835396601,0,0
INSP-20043,2024-06-14,2024-06-14 11:52:00,PRD-03,morning,OP-4178,INS-1007,Factory-G9,0,98.9,0,0.0,0.0646138835396601,0,0
INSP-20043,2024-06-14,2024-06-14 11:52:00,PRD-03,morning,OP-4178,INS-1007,Factory-G9,0,98.9,0,0.0,0.1285720391386651,0,0
INSP-20043,2024-06-14,2024-06-14 11:52:00,PRD-03,morning,OP-4178,INS-1007,Factory-G9,0,98.9,0,0.0,0.1285720391386651,0,0
INSP-20044,2024-06-15,2024-06-15 14:21:00,PRD-04,afternoon,OP-0033,INS-1002,Factory-A2,1,80.6,scratch,1.0,0.1654846372391703,0,1
INSP-20044,2024-06-15,2024-06-15 14:21:00,PRD-04,afternoon,OP-0033,INS-1002,Factory-A2,1,80.6,scratch,1.0,0.1654846372391703,0,1
INSP-20044,2024-06-15,2024-06-15 14:21:00,PRD-04,afternoon,OP-0033,INS-1002,Factory-A2,1,80.6,scratch,1.0,0.3012609766326309,0,1
INSP-20044,2024-06-15,2024-06-15 14:21:00,PRD-04,afternoon,OP-0033,INS-1002,Factory-A2,1,80.6,scratch,1.0,0.3012609766326309,0,1
INSP-20045,2024-06-15,2024-06-16 00:19:00,PRD-01,night,OP-5691,INS-1003,Factory-Z3,18,10.3,major_crack,4.0,0.031091391565366,0,1
INSP-20045,2024-06-15,2024-06-16 00:19:00,PRD-01,night,OP-5691,INS-1003,Factory-Z3,18,10.3,major_crack,4.0,0.031091391565366,0,1
INSP-20045,2024-06-15,2024-06-16 00:19:00,PRD-01,night,OP-5691,INS-1003,Factory-Z3,18,10.3,major_crack,4.0,0.0932657474798857,0,1
INSP-20045,2024-06-15,2024-06-16 00:19:00,PRD-01,night,OP-5691,INS-1003,Factory-Z3,18,10.3,major_crack,4.0,0.0932657474798857,0,1
INSP-20046,2024-06-15,2024-06-15 09:58:00,PRD-02,morning,OP-0001,INS-1004,Factory-E1,0,96.6,0,0.0,0.173631040900724,0,0
INSP-20046,2024-06-15,2024-06-15 09:58:00,PRD-02,morning,OP-0001,INS-1004,Factory-E1,0,96.6,0,0.0,0.173631040900724,0,0
INSP-20046,2024-06-15,2024-06-15 09:58:00,PRD-02,morning,OP-0001,INS-1004,Factory-E1,0,96.6,0,0.0,0.225917284136308,0,0
INSP-20046,2024-06-15,2024-06-15 09:58:00,PRD-02,morning,OP-0001,INS-1004,Factory-E1,0,96.6,0,0.0,0.225917284136308,0,0
INSP-20047,2024-06-16,2024-06-16 16:02:00,PRD-03,afternoon,OP-7777,INS-1005,Factory-A2,2,77.7,foreign_object,2.0,0.0785215933395334,0,1
INSP-20047,2024-06-16,2024-06-16 16:02:00,PRD-03,afternoon,OP-7777,INS-1005,Factory-A2,2,77.7,foreign_object,2.0,0.0785215933395334,0,1
INSP-20047,2024-06-16,2024-06-16 16:02:00,PRD-03,afternoon,OP-7777,INS-1005,Factory-A2,2,77.7,foreign_object,2.0,0.1296973027180199,0,1
INSP-20047,2024-06-16,2024-06-16 16:02:00,PRD-03,afternoon,OP-7777,INS-1005,Factory-A2,2,77.7,foreign_object,2.0,0.1296973027180199,0,1
INSP-20048,2024-06-16,2024-06-17 02:18:00,PRD-04,night,OP-2517,INS-1006,Factory-G9,7,52.7,mislabel,3.0,0.021125369985848,0,1
INSP-20048,2024-06-16,2024-06-17 02:18:00,PRD-04,night,OP-2517,INS-1006,Factory-G9,7,52.7,mislabel,3.0,0.021125369985848,0,1
INSP-20048,2024-06-16,2024-06-17 02:18:00,PRD-04,night,OP-2517,INS-1006,Factory-G9,7,52.7,mislabel,3.0,0.2392723419495041,0,1
INSP-20048,2024-06-16,2024-06-17 02:18:00,PRD-04,night,OP-2517,INS-1006,Factory-G9,7,52.7,mislabel,3.0,0.2392723419495041,0,1
INSP-20049,2024-06-16,2024-06-16 08:26:00,PRD-01,morning,OP-4178,INS-1007,Factory-E1,0,100.0,0,0.0,0.1057088225545428,0,0
INSP-20049,2024-06-16,2024-06-16 08:26:00,PRD-01,morning,OP-4178,INS-1007,Factory-E1,0,100.0,0,0.0,0.1057088225545428,0,0
INSP-20049,2024-06-16,2024-06-16 08:26:00,PRD-01,morning,OP-4178,INS-1007,Factory-E1,0,100.0,0,0.0,0.1659552681246233,0,0
INSP-20049,2024-06-16,2024-06-16 08:26:00,PRD-01,morning,OP-4178,INS-1007,Factory-E1,0,100.0,0,0.0,0.1659552681246233,0,0
INSP-20050,2024-06-17,2024-06-17 16:41:00,PRD-02,afternoon,OP-0033,INS-1002,Factory-A2,1,79.8,scratch,1.0,0.2284523019354011,0,1
INSP-20050,2024-06-17,2024-06-17 16:41:00,PRD-02,afternoon,OP-0033,INS-1002,Factory-A2,1,79.8,scratch,1.0,0.2284523019354011,0,1
INSP-20050,2024-06-17,2024-06-17 16:41:00,PRD-02,afternoon,OP-0033,INS-1002,Factory-A2,1,79.8,scratch,1.0,0.1811048997595544,0,1
INSP-20050,2024-06-17,2024-06-17 16:41:00,PRD-02,afternoon,OP-0033,INS-1002,Factory-A2,1,79.8,scratch,1.0,0.1811048997595544,0,1
INSP-20001,2024-06-07,2024-06-07 08:43:11,PRD-01,morning,OP-5691,INS-7741,Factory-E1,0,99.98,0,0.0,0.1911482810386636,0,0
INSP-20001,2024-06-07,2024-06-07 08:43:11,PRD-01,morning,OP-5691,INS-7741,Factory-E1,0,99.98,0,0.0,0.1911482810386636,0,0
INSP-20001,2024-06-07,2024-06-07 08:43:11,PRD-01,morning,OP-5691,INS-7741,Factory-E1,0,99.98,0,0.0,0.078138517217915,0,0
INSP-20001,2024-06-07,2024-06-07 08:43:11,PRD-01,morning,OP-5691,INS-7741,Factory-E1,0,99.98,0,0.0,0.078138517217915,0,0
INSP-20002,2024-06-06,2024-06-06 15:02:46,PRD-02,afternoon,OP-2186,INS-1223,Factory-A2,0,100.0,0,0.0,0.1724276946533945,0,0
INSP-20002,2024-06-06,2024-06-06 15:02:46,PRD-02,afternoon,OP-2186,INS-1223,Factory-A2,0,100.0,0,0.0,0.1724276946533945,0,0
INSP-20002,2024-06-06,2024-06-06 15:02:46,PRD-02,afternoon,OP-2186,INS-1223,Factory-A2,0,100.0,0,0.0,0.1870135524662846,0,0
INSP-20002,2024-06-06,2024-06-06 15:02:46,PRD-02,afternoon,OP-2186,INS-1223,Factory-A2,0,100.0,0,0.0,0.1870135524662846,0,0
INSP-20003,2024-06-07,2024-06-08 00:37:05,PRD-03,night,OP-0033,INS-9876,Factory-Z3,0,98.5,0,0.0,0.0195078045619776,0,0
INSP-20003,2024-06-07,2024-06-08 00:37:05,PRD-03,night,OP-0033,INS-9876,Factory-Z3,0,98.5,0,0.0,0.0195078045619776,0,0
INSP-20003,2024-06-07,2024-06-08 00:37:05,PRD-03,night,OP-0033,INS-9876,Factory-Z3,0,98.5,0,0.0,0.0483146635265876,0,0
INSP-20003,2024-06-07,2024-06-08 00:37:05,PRD-03,night,OP-0033,INS-9876,Factory-Z3,0,98.5,0,0.0,0.0483146635265876,0,0
INSP-20004,2024-06-05,2024-06-05 15:22:21,PRD-04,afternoon,OP-7777,INS-7741,Factory-Y7,0,99.82,0,0.0,0.1285869937229753,0,0
INSP-20004,2024-06-05,2024-06-05 15:22:21,PRD-04,afternoon,OP-7777,INS-7741,Factory-Y7,0,99.82,0,0.0,0.1285869937229753,0,0
INSP-20004,2024-06-05,2024-06-05 15:22:21,PRD-04,afternoon,OP-7777,INS-7741,Factory-Y7,0,99.82,0,0.0,0.117068822257539,0,0
INSP-20004,2024-06-05,2024-06-05 15:22:21,PRD-04,afternoon,OP-7777,INS-7741,Factory-Y7,0,99.82,0,0.0,0.117068822257539,0,0
INSP-20005,2024-06-06,2024-06-06 10:54:16,PRD-01,morning,OP-0112,INS-8921,Factory-X0,0,98.75,0,0.0,0.3233932967972135,0,0
INSP-20005,2024-06-06,2024-06-06 10:54:16,PRD-01,morning,OP-0112,INS-8921,Factory-X0,0,98.75,0,0.0,0.3233932967972135,0,0
INSP-20005,2024-06-06,2024-06-06 10:54:16,PRD-01,morning,OP-0112,INS-8921,Factory-X0,0,98.75,0,0.0,0.2467238241574613,0,0
INSP-20005,2024-06-06,2024-06-06 10:54:16,PRD-01,morning,OP-0112,INS-8921,Factory-X0,0,98.75,0,0.0,0.2467238241574613,0,0
INSP-20006,2024-06-06,2024-06-07 01:13:38,PRD-02,night,OP-2517,INS-2048,Factory-G9,0,99.5,0,0.0,0.0433486132115562,0,0
INSP-20006,2024-06-06,2024-06-07 01:13:38,PRD-02,night,OP-2517,INS-2048,Factory-G9,0,99.5,0,0.0,0.0433486132115562,0,0
INSP-20006,2024-06-06,2024-06-07 01:13:38,PRD-02,night,OP-2517,INS-2048,Factory-G9,0,99.5,0,0.0,0.0384400579090191,0,0
INSP-20006,2024-06-06,2024-06-07 01:13:38,PRD-02,night,OP-2517,INS-2048,Factory-G9,0,99.5,0,0.0,0.0384400579090191,0,0
INSP-20007,2024-06-07,2024-06-07 09:22:41,PRD-03,morning,OP-1674,INS-5467,Factory-E1,0,100.0,0,0.0,0.0799530849378673,0,0
INSP-20007,2024-06-07,2024-06-07 09:22:41,PRD-03,morning,OP-1674,INS-5467,Factory-E1,0,100.0,0,0.0,0.0799530849378673,0,0
INSP-20007,2024-06-07,2024-06-07 09:22:41,PRD-03,morning,OP-1674,INS-5467,Factory-E1,0,100.0,0,0.0,0.0984044229683084,0,0
INSP-20007,2024-06-07,2024-06-07 09:22:41,PRD-03,morning,OP-1674,INS-5467,Factory-E1,0,100.0,0,0.0,0.0984044229683084,0,0
INSP-20008,2024-06-05,2024-06-05 16:13:19,PRD-04,afternoon,OP-0033,INS-1223,Factory-A2,0,97.4,0,0.0,0.1721896053545936,0,0
INSP-20008,2024-06-05,2024-06-05 16:13:19,PRD-04,afternoon,OP-0033,INS-1223,Factory-A2,0,97.4,0,0.0,0.1721896053545936,0,0
INSP-20008,2024-06-05,2024-06-05 16:13:19,PRD-04,afternoon,OP-0033,INS-1223,Factory-A2,0,97.4,0,0.0,0.179037699720662,0,0
INSP-20008,2024-06-05,2024-06-05 16:13:19,PRD-04,afternoon,OP-0033,INS-1223,Factory-A2,0,97.4,0,0.0,0.179037699720662,0,0
INSP-20009,2024-06-04,2024-06-05 00:21:56,PRD-01,night,OP-2517,INS-7741,Factory-Z3,0,100.0,0,0.0,0.0300716831753592,0,0
INSP-20009,2024-06-04,2024-06-05 00:21:56,PRD-01,night,OP-2517,INS-7741,Factory-Z3,0,100.0,0,0.0,0.0300716831753592,0,0
INSP-20009,2024-06-04,2024-06-05 00:21:56,PRD-01,night,OP-2517,INS-7741,Factory-Z3,0,100.0,0,0.0,0.0430352143421584,0,0
INSP-20009,2024-06-04,2024-06-05 00:21:56,PRD-01,night,OP-2517,INS-7741,Factory-Z3,0,100.0,0,0.0,0.0430352143421584,0,0
INSP-20010,2024-06-07,2024-06-07 08:58:13,PRD-02,morning,OP-5691,INS-2048,Factory-Y7,0,99.23,0,0.0,0.130524666409531,0,0
INSP-20010,2024-06-07,2024-06-07 08:58:13,PRD-02,morning,OP-5691,INS-2048,Factory-Y7,0,99.23,0,0.0,0.130524666409531,0,0
INSP-20010,2024-06-07,2024-06-07 08:58:13,PRD-02,morning,OP-5691,INS-2048,Factory-Y7,0,99.23,0,0.0,0.0881581204088765,0,0
INSP-20010,2024-06-07,2024-06-07 08:58:13,PRD-02,morning,OP-5691,INS-2048,Factory-Y7,0,99.23,0,0.0,0.0881581204088765,0,0
INSP-20011,2024-06-05,2024-06-05 15:54:12,PRD-03,afternoon,OP-2186,INS-5467,Factory-X0,1,84.7,scratch,1.0,0.3411445609160122,0,1
INSP-20011,2024-06-05,2024-06-05 15:54:12,PRD-03,afternoon,OP-2186,INS-5467,Factory-X0,1,84.7,scratch,1.0,0.3411445609160122,0,1
INSP-20011,2024-06-05,2024-06-05 15:54:12,PRD-03,afternoon,OP-2186,INS-5467,Factory-X0,1,84.7,scratch,1.0,0.2352843187179994,0,1
INSP-20011,2024-06-05,2024-06-05 15:54:12,PRD-03,afternoon,OP-2186,INS-5467,Factory-X0,1,84.7,scratch,1.0,0.2352843187179994,0,1
INSP-20012,2024-06-04,2024-06-04 10:15:04,PRD-04,morning,OP-5691,INS-7741,Factory-G9,2,81.2,dent,1.0,0.0111313592031309,0,1
INSP-20012,2024-06-04,2024-06-04 10:15:04,PRD-04,morning,OP-5691,INS-7741,Factory-G9,2,81.2,dent,1.0,0.0111313592031309,0,1
INSP-20012,2024-06-04,2024-06-04 10:15:04,PRD-04,morning,OP-5691,INS-7741,Factory-G9,2,81.2,dent,1.0,0.0503738569114389,0,1
INSP-20012,2024-06-04,2024-06-04 10:15:04,PRD-04,morning,OP-5691,INS-7741,Factory-G9,2,81.2,dent,1.0,0.0503738569114389,0,1
INSP-20013,2024-06-06,2024-06-06 15:11:17,PRD-01,afternoon,OP-4178,INS-8921,Factory-E1,2,76.8,marking,2.0,0.1423901744649768,0,1
INSP-20013,2024-06-06,2024-06-06 15:11:17,PRD-01,afternoon,OP-4178,INS-8921,Factory-E1,2,76.8,marking,2.0,0.1423901744649768,0,1
INSP-20013,2024-06-06,2024-06-06 15:11:17,PRD-01,afternoon,OP-4178,INS-8921,Factory-E1,2,76.8,marking,2.0,0.1761164141852728,0,1
INSP-20013,2024-06-06,2024-06-06 15:11:17,PRD-01,afternoon,OP-4178,INS-8921,Factory-E1,2,76.8,marking,2.0,0.1761164141852728,0,1
INSP-20014,2024-06-04,2024-06-04 11:09:43,PRD-02,morning,OP-0112,INS-2048,Factory-A2,1,82.1,discoloration,1.0,0.2672664124653146,0,1
INSP-20014,2024-06-04,2024-06-04 11:09:43,PRD-02,morning,OP-0112,INS-2048,Factory-A2,1,82.1,discoloration,1.0,0.2672664124653146,0,1
INSP-20014,2024-06-04,2024-06-04 11:09:43,PRD-02,morning,OP-0112,INS-2048,Factory-A2,1,82.1,discoloration,1.0,0.1445040153226236,0,1
INSP-20014,2024-06-04,2024-06-04 11:09:43,PRD-02,morning,OP-0112,INS-2048,Factory-A2,1,82.1,discoloration,1.0,0.1445040153226236,0,1
INSP-20015,2024-06-06,2024-06-06 16:34:20,PRD-03,afternoon,OP-2186,INS-7741,Factory-Z3,2,78.5,foreign_object,2.0,0.0136599104051322,0,1
INSP-20015,2024-06-06,2024-06-06 16:34:20,PRD-03,afternoon,OP-2186,INS-7741,Factory-Z3,2,78.5,foreign_object,2.0,0.0136599104051322,0,1
INSP-20015,2024-06-06,2024-06-06 16:34:20,PRD-03,afternoon,OP-2186,INS-7741,Factory-Z3,2,78.5,foreign_object,2.0,0.2762505453669994,0,1
INSP-20015,2024-06-06,2024-06-06 16:34:20,PRD-03,afternoon,OP-2186,INS-7741,Factory-Z3,2,78.5,foreign_object,2.0,0.2762505453669994,0,1
INSP-20016,2024-06-07,2024-06-07 09:43:29,PRD-04,morning,OP-0033,INS-9876,Factory-Y7,1,80.3,marking,2.0,0.0501000027805522,0,1
INSP-20016,2024-06-07,2024-06-07 09:43:29,PRD-04,morning,OP-0033,INS-9876,Factory-Y7,1,80.3,marking,2.0,0.0501000027805522,0,1
INSP-20016,2024-06-07,2024-06-07 09:43:29,PRD-04,morning,OP-0033,INS-9876,Factory-Y7,1,80.3,marking,2.0,0.1219445532494609,0,1
INSP-20016,2024-06-07,2024-06-07 09:43:29,PRD-04,morning,OP-0033,INS-9876,Factory-Y7,1,80.3,marking,2.0,0.1219445532494609,0,1
INSP-20017,2024-06-04,2024-06-04 15:37:49,PRD-01,afternoon,OP-5691,INS-1223,Factory-X0,1,79.6,scratch,1.0,0.3050772492953628,0,1
INSP-20017,2024-06-04,2024-06-04 15:37:49,PRD-01,afternoon,OP-5691,INS-1223,Factory-X0,1,79.6,scratch,1.0,0.3050772492953628,0,1
INSP-20017,2024-06-04,2024-06-04 15:37:49,PRD-01,afternoon,OP-5691,INS-1223,Factory-X0,1,79.6,scratch,1.0,0.2141616289808459,0,1
INSP-20017,2024-06-04,2024-06-04 15:37:49,PRD-01,afternoon,OP-5691,INS-1223,Factory-X0,1,79.6,scratch,1.0,0.2141616289808459,0,1
INSP-20018,2024-06-05,2024-06-05 14:21:37,PRD-02,afternoon,OP-7777,INS-7741,Factory-G9,2,75.1,discoloration,2.0,0.0406986296432465,0,1
INSP-20018,2024-06-05,2024-06-05 14:21:37,PRD-02,afternoon,OP-7777,INS-7741,Factory-G9,2,75.1,discoloration,2.0,0.0406986296432465,0,1
INSP-20018,2024-06-05,2024-06-05 14:21:37,PRD-02,afternoon,OP-7777,INS-7741,Factory-G9,2,75.1,discoloration,2.0,0.1410183689275248,0,1
INSP-20018,2024-06-05,2024-06-05 14:21:37,PRD-02,afternoon,OP-7777,INS-7741,Factory-G9,2,75.1,discoloration,2.0,0.1410183689275248,0,1
INSP-20019,2024-06-07,2024-06-07 11:12:05,PRD-03,morning,OP-2517,INS-5467,Factory-E1,4,61.4,misalignment,3.0,0.082299133097624,0,1
INSP-20019,2024-06-07,2024-06-07 11:12:05,PRD-03,morning,OP-2517,INS-5467,Factory-E1,4,61.4,misalignment,3.0,0.082299133097624,0,1
INSP-20019,2024-06-07,2024-06-07 11:12:05,PRD-03,morning,OP-2517,INS-5467,Factory-E1,4,61.4,misalignment,3.0,0.0764787796949957,0,1
INSP-20019,2024-06-07,2024-06-07 11:12:05,PRD-03,morning,OP-2517,INS-5467,Factory-E1,4,61.4,misalignment,3.0,0.0764787796949957,0,1
INSP-20020,2024-06-06,2024-06-07 02:48:18,PRD-04,night,OP-2186,INS-2048,Factory-A2,5,67.2,contamination,3.0,0.1468038195310161,0,1
INSP-20020,2024-06-06,2024-06-07 02:48:18,PRD-04,night,OP-2186,INS-2048,Factory-A2,5,67.2,contamination,3.0,0.1468038195310161,0,1
INSP-20020,2024-06-06,2024-06-07 02:48:18,PRD-04,night,OP-2186,INS-2048,Factory-A2,5,67.2,contamination,3.0,0.0183004467263878,0,1
INSP-20020,2024-06-06,2024-06-07 02:48:18,PRD-04,night,OP-2186,INS-2048,Factory-A2,5,67.2,contamination,3.0,0.0183004467263878,0,1
INSP-20021,2024-06-05,2024-06-05 14:23:59,PRD-01,afternoon,OP-0112,INS-5467,Factory-Z3,7,55.9,mislabel,4.0,0.028262694122379,0,1
INSP-20021,2024-06-05,2024-06-05 14:23:59,PRD-01,afternoon,OP-0112,INS-5467,Factory-Z3,7,55.9,mislabel,4.0,0.028262694122379,0,1
INSP-20021,2024-06-05,2024-06-05 14:23:59,PRD-01,afternoon,OP-0112,INS-5467,Factory-Z3,7,55.9,mislabel,4.0,0.4720517284076607,0,1
INSP-20021,2024-06-05,2024-06-05 14:23:59,PRD-01,afternoon,OP-0112,INS-5467,Factory-Z3,7,55.9,mislabel,4.0,0.4720517284076607,0,1
INSP-20022,2024-06-04,2024-06-05 02:22:46,PRD-03,night,OP-0033,INS-7741,Factory-Y7,5,69.3,cracking,3.0,0.1533173367577751,0,1
INSP-20022,2024-06-04,2024-06-05 02:22:46,PRD-03,night,OP-0033,INS-7741,Factory-Y7,5,69.3,cracking,3.0,0.1533173367577751,0,1
INSP-20022,2024-06-04,2024-06-05 02:22:46,PRD-03,night,OP-0033,INS-7741,Factory-Y7,5,69.3,cracking,3.0,0.0343042172829401,0,1
INSP-20022,2024-06-04,2024-06-05 02:22:46,PRD-03,night,OP-0033,INS-7741,Factory-Y7,5,69.3,cracking,3.0,0.0343042172829401,0,1
INSP-20023,2024-06-07,2024-06-08 01:16:44,PRD-04,night,OP-2517,INS-2048,Factory-X0,6,62.5,contamination,3.0,0.3046571545946588,0,1
INSP-20023,2024-06-07,2024-06-08 01:16:44,PRD-04,night,OP-2517,INS-2048,Factory-X0,6,62.5,contamination,3.0,0.3046571545946588,0,1
INSP-20023,2024-06-07,2024-06-08 01:16:44,PRD-04,night,OP-2517,INS-2048,Factory-X0,6,62.5,contamination,3.0,0.0205459426128107,0,1
INSP-20023,2024-06-07,2024-06-08 01:16:44,PRD-04,night,OP-2517,INS-2048,Factory-X0,6,62.5,contamination,3.0,0.0205459426128107,0,1
INSP-20024,2024-06-06,2024-06-06 15:18:30,PRD-01,afternoon,OP-2186,INS-8921,Factory-G9,9,41.8,misalignment,4.0,0.0148458384863948,0,1
INSP-20024,2024-06-06,2024-06-06 15:18:30,PRD-01,afternoon,OP-2186,INS-8921,Factory-G9,9,41.8,misalignment,4.0,0.0148458384863948,0,1
INSP-20024,2024-06-06,2024-06-06 15:18:30,PRD-01,afternoon,OP-2186,INS-8921,Factory-G9,9,41.8,misalignment,4.0,0.2831475695864439,0,1
INSP-20024,2024-06-06,2024-06-06 15:18:30,PRD-01,afternoon,OP-2186,INS-8921,Factory-G9,9,41.8,misalignment,4.0,0.2831475695864439,0,1
INSP-20025,2024-06-05,2024-06-06 01:36:59,PRD-02,night,OP-1674,INS-7741,Factory-E1,8,47.3,cracking,4.0,0.1285752874013556,0,1
INSP-20025,2024-06-05,2024-06-06 01:36:59,PRD-02,night,OP-1674,INS-7741,Factory-E1,8,47.3,cracking,4.0,0.1285752874013556,0,1
INSP-20025,2024-06-05,2024-06-06 01:36:59,PRD-02,night,OP-1674,INS-7741,Factory-E1,8,47.3,cracking,4.0,0.033146532066826,0,1
INSP-20025,2024-06-05,2024-06-06 01:36:59,PRD-02,night,OP-1674,INS-7741,Factory-E1,8,47.3,cracking,4.0,0.033146532066826,0,1
INSP-20026,2024-06-07,2024-06-07 16:58:22,PRD-03,afternoon,OP-5691,INS-5467,Factory-A2,10,43.2,mislabel,3.0,0.2495864632503857,0,1
INSP-20026,2024-06-07,2024-06-07 16:58:22,PRD-03,afternoon,OP-5691,INS-5467,Factory-A2,10,43.2,mislabel,3.0,0.2495864632503857,0,1
INSP-20026,2024-06-07,2024-06-07 16:58:22,PRD-03,afternoon,OP-5691,INS-5467,Factory-A2,10,43.2,mislabel,3.0,0.0765007452725093,0,1
INSP-20026,2024-06-07,2024-06-07 16:58:22,PRD-03,afternoon,OP-5691,INS-5467,Factory-A2,10,43.2,mislabel,3.0,0.0765007452725093,0,1
INSP-20027,2024-06-06,2024-06-07 01:23:41,PRD-04,night,OP-0112,INS-8921,Factory-Z3,20,2.7,major_crack,4.0,0.0194636713837633,0,1
INSP-20027,2024-06-06,2024-06-07 01:23:41,PRD-04,night,OP-0112,INS-8921,Factory-Z3,20,2.7,major_crack,4.0,0.0194636713837633,0,1
INSP-20027,2024-06-06,2024-06-07 01:23:41,PRD-04,night,OP-0112,INS-8921,Factory-Z3,20,2.7,major_crack,4.0,0.0255382008784506,0,1
INSP-20027,2024-06-06,2024-06-07 01:23:41,PRD-04,night,OP-0112,INS-8921,Factory-Z3,20,2.7,major_crack,4.0,0.0255382008784506,0,1
INSP-20028,2024-06-04,2024-06-05 00:06:12,PRD-01,night,OP-7777,INS-1223,Factory-Y7,19,0.0,major_crack,4.0,0.1336770025482573,0,1
INSP-20028,2024-06-04,2024-06-05 00:06:12,PRD-01,night,OP-7777,INS-1223,Factory-Y7,19,0.0,major_crack,4.0,0.1336770025482573,0,1
INSP-20028,2024-06-04,2024-06-05 00:06:12,PRD-01,night,OP-7777,INS-1223,Factory-Y7,19,0.0,major_crack,4.0,0.0257892345242022,0,1
INSP-20028,2024-06-04,2024-06-05 00:06:12,PRD-01,night,OP-7777,INS-1223,Factory-Y7,19,0.0,major_crack,4.0,0.0257892345242022,0,1
INSP-20029,2024-06-07,2024-06-07 10:40:17,PRD-02,morning,OP-1674,INS-7741,Factory-X0,18,3.1,cracking,4.0,0.1033386808607192,0,1
INSP-20029,2024-06-07,2024-06-07 10:40:17,PRD-02,morning,OP-1674,INS-7741,Factory-X0,18,3.1,cracking,4.0,0.1033386808607192,0,1
INSP-20029,2024-06-07,2024-06-07 10:40:17,PRD-02,morning,OP-1674,INS-7741,Factory-X0,18,3.1,cracking,4.0,0.1537669745758008,0,1
INSP-20029,2024-06-07,2024-06-07 10:40:17,PRD-02,morning,OP-1674,INS-7741,Factory-X0,18,3.1,cracking,4.0,0.1537669745758008,0,1
INSP-20030,2024-06-06,2024-06-06 14:44:56,PRD-03,afternoon,OP-0033,INS-5467,Factory-G9,16,4.9,major_crack,4.0,0.0433107063422288,0,1
INSP-20030,2024-06-06,2024-06-06 14:44:56,PRD-03,afternoon,OP-0033,INS-5467,Factory-G9,16,4.9,major_crack,4.0,0.0433107063422288,0,1
INSP-20030,2024-06-06,2024-06-06 14:44:56,PRD-03,afternoon,OP-0033,INS-5467,Factory-G9,16,4.9,major_crack,4.0,0.2755240774449744,0,1
INSP-20030,2024-06-06,2024-06-06 14:44:56,PRD-03,afternoon,OP-0033,INS-5467,Factory-G9,16,4.9,major_crack,4.0,0.2755240774449744,0,1
INSP-20031,2024-06-05,2024-06-05 09:32:28,PRD-04,morning,OP-5691,INS-7741,Factory-E1,17,7.2,major_crack,4.0,0.0705393060261965,0,1
INSP-20031,2024-06-05,2024-06-05 09:32:28,PRD-04,morning,OP-5691,INS-7741,Factory-E1,17,7.2,major_crack,4.0,0.0705393060261965,0,1
INSP-20031,2024-06-05,2024-06-05 09:32:28,PRD-04,morning,OP-5691,INS-7741,Factory-E1,17,7.2,major_crack,4.0,0.0364274116255005,0,1
INSP-20031,2024-06-05,2024-06-05 09:32:28,PRD-04,morning,OP-5691,INS-7741,Factory-E1,17,7.2,major_crack,4.0,0.0364274116255005,0,1
INSP-20032,2024-06-07,2024-06-08 00:29:44,PRD-01,night,OP-2517,INS-5467,Factory-A2,15,8.6,cracking,4.0,0.1843932725308005,0,1
INSP-20032,2024-06-07,2024-06-08 00:29:44,PRD-01,night,OP-2517,INS-5467,Factory-A2,15,8.6,cracking,4.0,0.1843932725308005,0,1
INSP-20032,2024-06-07,2024-06-08 00:29:44,PRD-01,night,OP-2517,INS-5467,Factory-A2,15,8.6,cracking,4.0,0.0308964010856966,0,1
INSP-20032,2024-06-07,2024-06-08 00:29:44,PRD-01,night,OP-2517,INS-5467,Factory-A2,15,8.6,cracking,4.0,0.0308964010856966,0,1
INSP-20033,2024-06-06,2024-06-06 11:45:53,PRD-02,morning,OP-0033,INS-1223,Factory-Z3,0,92.4,0,0.0,0.0282432345669945,0,0
INSP-20033,2024-06-06,2024-06-06 11:45:53,PRD-02,morning,OP-0033,INS-1223,Factory-Z3,0,92.4,0,0.0,0.0282432345669945,0,0
INSP-20033,2024-06-06,2024-06-06 11:45:53,PRD-02,morning,OP-0033,INS-1223,Factory-Z3,0,92.4,0,0.0,0.2481480055551202,0,0
INSP-20033,2024-06-06,2024-06-06 11:45:53,PRD-02,morning,OP-0033,INS-1223,Factory-Z3,0,92.4,0,0.0,0.2481480055551202,0,0
INSP-20034,2024-06-04,2024-06-04 08:21:19,PRD-03,morning,OP-0112,INS-9876,Factory-Y7,0,88.7,0,0.0,0.1904870396014728,0,0
INSP-20034,2024-06-04,2024-06-04 08:21:19,PRD-03,morning,OP-0112,INS-9876,Factory-Y7,0,88.7,0,0.0,0.1904870396014728,0,0
INSP-20034,2024-06-04,2024-06-04 08:21:19,PRD-03,morning,OP-0112,INS-9876,Factory-Y7,0,88.7,0,0.0,0.1737144094239563,0,0
INSP-20034,2024-06-04,2024-06-04 08:21:19,PRD-03,morning,OP-0112,INS-9876,Factory-Y7,0,88.7,0,0.0,0.1737144094239563,0,0
INSP-20035,2024-06-07,2024-06-07 15:09:36,PRD-04,afternoon,OP-1674,INS-8921,Factory-X0,0,93.1,0,0.0,0.0811432844455448,0,0
INSP-20035,2024-06-07,2024-06-07 15:09:36,PRD-04,afternoon,OP-1674,INS-8921,Factory-X0,0,93.1,0,0.0,0.0811432844455448,0,0
INSP-20035,2024-06-07,2024-06-07 15:09:36,PRD-04,afternoon,OP-1674,INS-8921,Factory-X0,0,93.1,0,0.0,0.1624343119673992,0,0
INSP-20035,2024-06-07,2024-06-07 15:09:36,PRD-04,afternoon,OP-1674,INS-8921,Factory-X0,0,93.1,0,0.0,0.1624343119673992,0,0
INSP-20036,2024-06-06,2024-06-06 08:56:41,PRD-01,morning,OP-5691,INS-7741,Factory-G9,0,85.3,0,0.0,0.012294252350922,0,0
INSP-20036,2024-06-06,2024-06-06 08:56:41,PRD-01,morning,OP-5691,INS-7741,Factory-G9,0,85.3,0,0.0,0.012294252350922,0,0
INSP-20036,2024-06-06,2024-06-06 08:56:41,PRD-01,morning,OP-5691,INS-7741,Factory-G9,0,85.3,0,0.0,0.1125030638268118,0,0
INSP-20036,2024-06-06,2024-06-06 08:56:41,PRD-01,morning,OP-5691,INS-7741,Factory-G9,0,85.3,0,0.0,0.1125030638268118,0,0
INSP-20037,2024-06-05,2024-06-05 14:08:27,PRD-02,afternoon,OP-4178,INS-1223,Factory-E1,0,87.8,0,0.0,0.1084975208707946,0,0
INSP-20037,2024-06-05,2024-06-05 14:08:27,PRD-02,afternoon,OP-4178,INS-1223,Factory-E1,0,87.8,0,0.0,0.1084975208707946,0,0
INSP-20037,2024-06-05,2024-06-05 14:08:27,PRD-02,afternoon,OP-4178,INS-1223,Factory-E1,0,87.8,0,0.0,0.1563388273000571,0,0
INSP-20037,2024-06-05,2024-06-05 14:08:27,PRD-02,afternoon,OP-4178,INS-1223,Factory-E1,0,87.8,0,0.0,0.1563388273000571,0,0
INSP-20038,2024-06-07,2024-06-07 09:55:11,PRD-03,morning,OP-0033,INS-5467,Factory-A2,0,90.9,0,0.0,0.2588441774653375,0,0
INSP-20038,2024-06-07,2024-06-07 09:55:11,PRD-03,morning,OP-0033,INS-5467,Factory-A2,0,90.9,0,0.0,0.2588441774653375,0,0
INSP-20038,2024-06-07,2024-06-07 09:55:11,PRD-03,morning,OP-0033,INS-5467,Factory-A2,0,90.9,0,0.0,0.105841390221938,0,0
INSP-20038,2024-06-07,2024-06-07 09:55:11,PRD-03,morning,OP-0033,INS-5467,Factory-A2,0,90.9,0,0.0,0.105841390221938,0,0
INSP-20039,2024-06-06,2024-06-06 16:25:32,PRD-04,afternoon,OP-2186,INS-9876,Factory-Z3,0,95.8,0,0.0,0.0183922295842734,0,0
INSP-20039,2024-06-06,2024-06-06 16:25:32,PRD-04,afternoon,OP-2186,INS-9876,Factory-Z3,0,95.8,0,0.0,0.0183922295842734,0,0
INSP-20039,2024-06-06,2024-06-06 16:25:32,PRD-04,afternoon,OP-2186,INS-9876,Factory-Z3,0,95.8,0,0.0,0.2249449587291963,0,0
INSP-20039,2024-06-06,2024-06-06 16:25:32,PRD-04,afternoon,OP-2186,INS-9876,Factory-Z3,0,95.8,0,0.0,0.2249449587291963,0,0
INSP-20040,2024-06-04,2024-06-04 08:12:55,PRD-01,morning,OP-0112,INS-8921,Factory-Y7,0,86.2,0,0.0,0.0991170717726689,0,0
INSP-20040,2024-06-04,2024-06-04 08:12:55,PRD-01,morning,OP-0112,INS-8921,Factory-Y7,0,86.2,0,0.0,0.0991170717726689,0,0
INSP-20040,2024-06-04,2024-06-04 08:12:55,PRD-01,morning,OP-0112,INS-8921,Factory-Y7,0,86.2,0,0.0,0.2702195340287749,0,0
INSP-20040,2024-06-04,2024-06-04 08:12:55,PRD-01,morning,OP-0112,INS-8921,Factory-Y7,0,86.2,0,0.0,0.2702195340287749,0,0
INSP-20041,2024-06-05,2024-06-05 15:05:16,PRD-02,afternoon,OP-4178,INS-7741,Factory-X0,0,89.4,0,0.0,0.2522361606392142,0,0
INSP-20041,2024-06-05,2024-06-05 15:05:16,PRD-02,afternoon,OP-4178,INS-7741,Factory-X0,0,89.4,0,0.0,0.2522361606392142,0,0
INSP-20041,2024-06-05,2024-06-05 15:05:16,PRD-02,afternoon,OP-4178,INS-7741,Factory-X0,0,89.4,0,0.0,0.2064435699267636,0,0
INSP-20041,2024-06-05,2024-06-05 15:05:16,PRD-02,afternoon,OP-4178,INS-7741,Factory-X0,0,89.4,0,0.0,0.2064435699267636,0,0
INSP-20042,2024-06-07,2024-06-07 10:16:29,PRD-03,morning,OP-5691,INS-5467,Factory-G9,0,88.2,0,0.0,0.041099226906437,0,0
INSP-20042,2024-06-07,2024-06-07 10:16:29,PRD-03,morning,OP-5691,INS-5467,Factory-G9,0,88.2,0,0.0,0.041099226906437,0,0
INSP-20042,2024-06-07,2024-06-07 10:16:29,PRD-03,morning,OP-5691,INS-5467,Factory-G9,0,88.2,0,0.0,0.0556023374304019,0,0
INSP-20042,2024-06-07,2024-06-07 10:16:29,PRD-03,morning,OP-5691,INS-5467,Factory-G9,0,88.2,0,0.0,0.0556023374304019,0,0
INSP-20043,2024-06-06,2024-06-06 15:14:57,PRD-04,afternoon,OP-2517,INS-7741,Factory-E1,0,91.7,0,0.0,0.0646138835396601,0,0
INSP-20043,2024-06-06,2024-06-06 15:14:57,PRD-04,afternoon,OP-2517,INS-7741,Factory-E1,0,91.7,0,0.0,0.0646138835396601,0,0
INSP-20043,2024-06-06,2024-06-06 15:14:57,PRD-04,afternoon,OP-2517,INS-7741,Factory-E1,0,91.7,0,0.0,0.1285720391386651,0,0
INSP-20043,2024-06-06,2024-06-06 15:14:57,PRD-04,afternoon,OP-2517,INS-7741,Factory-E1,0,91.7,0,0.0,0.1285720391386651,0,0
INSP-20044,2024-06-04,2024-06-04 14:51:14,PRD-01,afternoon,OP-0033,INS-1223,Factory-A2,0,86.9,0,0.0,0.1654846372391703,0,0
INSP-20044,2024-06-04,2024-06-04 14:51:14,PRD-01,afternoon,OP-0033,INS-1223,Factory-A2,0,86.9,0,0.0,0.1654846372391703,0,0
INSP-20044,2024-06-04,2024-06-04 14:51:14,PRD-01,afternoon,OP-0033,INS-1223,Factory-A2,0,86.9,0,0.0,0.3012609766326309,0,0
INSP-20044,2024-06-04,2024-06-04 14:51:14,PRD-01,afternoon,OP-0033,INS-1223,Factory-A2,0,86.9,0,0.0,0.3012609766326309,0,0
INSP-20045,2024-06-07,2024-06-07 09:59:46,PRD-02,morning,OP-5691,INS-8921,Factory-Z3,0,87.3,0,0.0,0.031091391565366,0,0
INSP-20045,2024-06-07,2024-06-07 09:59:46,PRD-02,morning,OP-5691,INS-8921,Factory-Z3,0,87.3,0,0.0,0.031091391565366,0,0
INSP-20045,2024-06-07,2024-06-07 09:59:46,PRD-02,morning,OP-5691,INS-8921,Factory-Z3,0,87.3,0,0.0,0.0932657474798857,0,0
INSP-20045,2024-06-07,2024-06-07 09:59:46,PRD-02,morning,OP-5691,INS-8921,Factory-Z3,0,87.3,0,0.0,0.0932657474798857,0,0
INSP-20046,2024-06-06,2024-06-06 16:13:39,PRD-03,afternoon,OP-2517,INS-2048,Factory-Y7,2,76.2,scratch,2.0,0.173631040900724,0,1
INSP-20046,2024-06-06,2024-06-06 16:13:39,PRD-03,afternoon,OP-2517,INS-2048,Factory-Y7,2,76.2,scratch,2.0,0.173631040900724,0,1
INSP-20046,2024-06-06,2024-06-06 16:13:39,PRD-03,afternoon,OP-2517,INS-2048,Factory-Y7,2,76.2,scratch,2.0,0.225917284136308,0,1
INSP-20046,2024-06-06,2024-06-06 16:13:39,PRD-03,afternoon,OP-2517,INS-2048,Factory-Y7,2,76.2,scratch,2.0,0.225917284136308,0,1
INSP-20047,2024-06-04,2024-06-04 10:39:03,PRD-04,morning,OP-0033,INS-5467,Factory-X0,1,79.8,dent,1.0,0.0785215933395334,0,1
INSP-20047,2024-06-04,2024-06-04 10:39:03,PRD-04,morning,OP-0033,INS-5467,Factory-X0,1,79.8,dent,1.0,0.0785215933395334,0,1
INSP-20047,2024-06-04,2024-06-04 10:39:03,PRD-04,morning,OP-0033,INS-5467,Factory-X0,1,79.8,dent,1.0,0.1296973027180199,0,1
INSP-20047,2024-06-04,2024-06-04 10:39:03,PRD-04,morning,OP-0033,INS-5467,Factory-X0,1,79.8,dent,1.0,0.1296973027180199,0,1
INSP-20048,2024-06-07,2024-06-07 15:36:21,PRD-01,afternoon,OP-2186,INS-7741,Factory-G9,1,80.7,marking,2.0,0.021125369985848,0,1
INSP-20048,2024-06-07,2024-06-07 15:36:21,PRD-01,afternoon,OP-2186,INS-7741,Factory-G9,1,80.7,marking,2.0,0.021125369985848,0,1
INSP-20048,2024-06-07,2024-06-07 15:36:21,PRD-01,afternoon,OP-2186,INS-7741,Factory-G9,1,80.7,marking,2.0,0.2392723419495041,0,1
INSP-20048,2024-06-07,2024-06-07 15:36:21,PRD-01,afternoon,OP-2186,INS-7741,Factory-G9,1,80.7,marking,2.0,0.2392723419495041,0,1
INSP-20049,2024-06-06,2024-06-06 08:22:44,PRD-02,morning,OP-0112,INS-2048,Factory-E1,2,75.4,discoloration,2.0,0.1057088225545428,0,1
INSP-20049,2024-06-06,2024-06-06 08:22:44,PRD-02,morning,OP-0112,INS-2048,Factory-E1,2,75.4,discoloration,2.0,0.1057088225545428,0,1
INSP-20049,2024-06-06,2024-06-06 08:22:44,PRD-02,morning,OP-0112,INS-2048,Factory-E1,2,75.4,discoloration,2.0,0.1659552681246233,0,1
INSP-20049,2024-06-06,2024-06-06 08:22:44,PRD-02,morning,OP-0112,INS-2048,Factory-E1,2,75.4,discoloration,2.0,0.1659552681246233,0,1
INSP-20050,2024-06-07,2024-06-07 16:02:44,PRD-03,afternoon,OP-0033,INS-5467,Factory-A2,2,80.2,foreign_object,2.0,0.2284523019354011,0,1
INSP-20050,2024-06-07,2024-06-07 16:02:44,PRD-03,afternoon,OP-0033,INS-5467,Factory-A2,2,80.2,foreign_object,2.0,0.2284523019354011,0,1
INSP-20050,2024-06-07,2024-06-07 16:02:44,PRD-03,afternoon,OP-0033,INS-5467,Factory-A2,2,80.2,foreign_object,2.0,0.1811048997595544,0,1
INSP-20050,2024-06-07,2024-06-07 16:02:44,PRD-03,afternoon,OP-0033,INS-5467,Factory-A2,2,80.2,foreign_object,2.0,0.1811048997595544,0,1
INSP-0001,2024-06-01,2024-06-01 09:25:00,PRD-01,morning,OP-5691,INS-3240,Factory-E1,0,99.9,0,0.0,0.1210954959498826,0,0
INSP-0001,2024-06-01,2024-06-01 09:25:00,PRD-01,morning,OP-5691,INS-3240,Factory-E1,0,99.9,0,0.0,0.1210954959498826,0,0
INSP-0001,2024-06-01,2024-06-01 09:25:00,PRD-01,morning,OP-5691,INS-3240,Factory-E1,0,99.9,0,0.0,0.0884382503317879,0,0
INSP-0001,2024-06-01,2024-06-01 09:25:00,PRD-01,morning,OP-5691,INS-3240,Factory-E1,0,99.9,0,0.0,0.0884382503317879,0,0
INSP-0002,2024-06-01,2024-06-01 15:10:00,PRD-02,afternoon,OP-2186,INS-5648,Factory-A2,1,77.6,scratch,1.0,0.1586354390346057,0,1
INSP-0002,2024-06-01,2024-06-01 15:10:00,PRD-02,afternoon,OP-2186,INS-5648,Factory-A2,1,77.6,scratch,1.0,0.1586354390346057,0,1
INSP-0002,2024-06-01,2024-06-01 15:10:00,PRD-02,afternoon,OP-2186,INS-5648,Factory-A2,1,77.6,scratch,1.0,0.1724276946533945,0,1
INSP-0002,2024-06-01,2024-06-01 15:10:00,PRD-02,afternoon,OP-2186,INS-5648,Factory-A2,1,77.6,scratch,1.0,0.1724276946533945,0,1
INSP-0003,2024-06-02,2024-06-03 01:47:00,PRD-03,night,OP-0033,INS-4178,Factory-Z3,5,48.1,misalignment,3.0,0.0504147183467702,0,1
INSP-0003,2024-06-02,2024-06-03 01:47:00,PRD-03,night,OP-0033,INS-4178,Factory-Z3,5,48.1,misalignment,3.0,0.0504147183467702,0,1
INSP-0003,2024-06-02,2024-06-03 01:47:00,PRD-03,night,OP-0033,INS-4178,Factory-Z3,5,48.1,misalignment,3.0,0.0420979856613921,0,1
INSP-0003,2024-06-02,2024-06-03 01:47:00,PRD-03,night,OP-0033,INS-4178,Factory-Z3,5,48.1,misalignment,3.0,0.0420979856613921,0,1
INSP-0004,2024-06-02,2024-06-02 16:15:00,PRD-02,afternoon,OP-7777,INS-2517,Factory-Y7,2,84.2,marking,2.0,0.214906228070606,0,1
INSP-0004,2024-06-02,2024-06-02 16:15:00,PRD-02,afternoon,OP-7777,INS-2517,Factory-Y7,2,84.2,marking,2.0,0.214906228070606,0,1
INSP-0004,2024-06-02,2024-06-02 16:15:00,PRD-02,afternoon,OP-7777,INS-2517,Factory-Y7,2,84.2,marking,2.0,0.1656563259558159,0,1
INSP-0004,2024-06-02,2024-06-02 16:15:00,PRD-02,afternoon,OP-7777,INS-2517,Factory-Y7,2,84.2,marking,2.0,0.1656563259558159,0,1
INSP-0005,2024-06-03,2024-06-03 10:35:00,PRD-04,morning,OP-0001,INS-0112,Factory-X0,0,100.0,0,0.0,0.0925153909755905,0,0
INSP-0005,2024-06-03,2024-06-03 10:35:00,PRD-04,morning,OP-0001,INS-0112,Factory-X0,0,100.0,0,0.0,0.0925153909755905,0,0
INSP-0005,2024-06-03,2024-06-03 10:35:00,PRD-04,morning,OP-0001,INS-0112,Factory-X0,0,100.0,0,0.0,0.1272545114459562,0,0
INSP-0005,2024-06-03,2024-06-03 10:35:00,PRD-04,morning,OP-0001,INS-0112,Factory-X0,0,100.0,0,0.0,0.1272545114459562,0,0
INSP-0006,2024-06-03,2024-06-03 15:53:00,PRD-01,afternoon,OP-1674,INS-3452,Factory-G9,0,93.8,0,0.0,0.0811432844455448,0,0
INSP-0006,2024-06-03,2024-06-03 15:53:00,PRD-01,afternoon,OP-1674,INS-3452,Factory-G9,0,93.8,0,0.0,0.0811432844455448,0,0
INSP-0006,2024-06-03,2024-06-03 15:53:00,PRD-01,afternoon,OP-1674,INS-3452,Factory-G9,0,93.8,0,0.0,0.278073286478451,0,0
INSP-0006,2024-06-03,2024-06-03 15:53:00,PRD-01,afternoon,OP-1674,INS-3452,Factory-G9,0,93.8,0,0.0,0.278073286478451,0,0
INSP-0007,2024-06-04,2024-06-05 00:58:00,PRD-02,night,OP-2517,INS-5691,Factory-E1,6,59.2,contamination,4.0,0.0562011254167484,0,1
INSP-0007,2024-06-04,2024-06-05 00:58:00,PRD-02,night,OP-2517,INS-5691,Factory-E1,6,59.2,contamination,4.0,0.0562011254167484,0,1
INSP-0007,2024-06-04,2024-06-05 00:58:00,PRD-02,night,OP-2517,INS-5691,Factory-E1,6,59.2,contamination,4.0,0.0309725636438281,0,1
INSP-0007,2024-06-04,2024-06-05 00:58:00,PRD-02,night,OP-2517,INS-5691,Factory-E1,6,59.2,contamination,4.0,0.0309725636438281,0,1
INSP-0008,2024-06-04,2024-06-04 16:02:00,PRD-03,afternoon,OP-5691,INS-5648,Factory-A2,2,78.3,dent,2.0,0.0544227431652979,0,1
INSP-0008,2024-06-04,2024-06-04 16:02:00,PRD-03,afternoon,OP-5691,INS-5648,Factory-A2,2,78.3,dent,2.0,0.0544227431652979,0,1
INSP-0008,2024-06-04,2024-06-04 16:02:00,PRD-03,afternoon,OP-5691,INS-5648,Factory-A2,2,78.3,dent,2.0,0.0953101149400658,0,1
INSP-0008,2024-06-04,2024-06-04 16:02:00,PRD-03,afternoon,OP-5691,INS-5648,Factory-A2,2,78.3,dent,2.0,0.0953101149400658,0,1
INSP-0009,2024-06-05,2024-06-05 10:00:00,PRD-04,morning,OP-0033,INS-4178,Factory-Z3,0,100.0,0,0.0,0.1779797992042711,0,0
INSP-0009,2024-06-05,2024-06-05 10:00:00,PRD-04,morning,OP-0033,INS-4178,Factory-Z3,0,100.0,0,0.0,0.1779797992042711,0,0
INSP-0009,2024-06-05,2024-06-05 10:00:00,PRD-04,morning,OP-0033,INS-4178,Factory-Z3,0,100.0,0,0.0,0.1190141539060349,0,0
INSP-0009,2024-06-05,2024-06-05 10:00:00,PRD-04,morning,OP-0033,INS-4178,Factory-Z3,0,100.0,0,0.0,0.1190141539060349,0,0
INSP-0010,2024-06-05,2024-06-05 15:05:00,PRD-01,afternoon,OP-2186,INS-2517,Factory-Y7,1,82.0,marking,1.0,0.0366380313048378,0,1
INSP-0010,2024-06-05,2024-06-05 15:05:00,PRD-01,afternoon,OP-2186,INS-2517,Factory-Y7,1,82.0,marking,1.0,0.0366380313048378,0,1
INSP-0010,2024-06-05,2024-06-05 15:05:00,PRD-01,afternoon,OP-2186,INS-2517,Factory-Y7,1,82.0,marking,1.0,0.3704435617092707,0,1
INSP-0010,2024-06-05,2024-06-05 15:05:00,PRD-01,afternoon,OP-2186,INS-2517,Factory-Y7,1,82.0,marking,1.0,0.3704435617092707,0,1
INSP-0011,2024-06-06,2024-06-06 10:18:00,PRD-03,morning,OP-7777,INS-0112,Factory-X0,0,98.8,0,0.0,0.2390236691403827,0,0
INSP-0011,2024-06-06,2024-06-06 10:18:00,PRD-03,morning,OP-7777,INS-0112,Factory-X0,0,98.8,0,0.0,0.2390236691403827,0,0
INSP-0011,2024-06-06,2024-06-06 10:18:00,PRD-03,morning,OP-7777,INS-0112,Factory-X0,0,98.8,0,0.0,0.0692672257737171,0,0
INSP-0011,2024-06-06,2024-06-06 10:18:00,PRD-03,morning,OP-7777,INS-0112,Factory-X0,0,98.8,0,0.0,0.0692672257737171,0,0
INSP-0012,2024-06-06,2024-06-07 01:10:00,PRD-02,night,OP-1674,INS-3452,Factory-G9,8,41.5,mislabel,3.0,0.0645376522386862,0,1
INSP-0012,2024-06-06,2024-06-07 01:10:00,PRD-02,night,OP-1674,INS-3452,Factory-G9,8,41.5,mislabel,3.0,0.0645376522386862,0,1
INSP-0012,2024-06-06,2024-06-07 01:10:00,PRD-02,night,OP-1674,INS-3452,Factory-G9,8,41.5,mislabel,3.0,0.0485378645121479,0,1
INSP-0012,2024-06-06,2024-06-07 01:10:00,PRD-02,night,OP-1674,INS-3452,Factory-G9,8,41.5,mislabel,3.0,0.0485378645121479,0,1
INSP-0013,2024-06-07,2024-06-07 15:35:00,PRD-04,afternoon,OP-5691,INS-5648,Factory-E1,1,76.2,discoloration,2.0,0.2968319632423495,0,1
INSP-0013,2024-06-07,2024-06-07 15:35:00,PRD-04,afternoon,OP-5691,INS-5648,Factory-E1,1,76.2,discoloration,2.0,0.2968319632423495,0,1
INSP-0013,2024-06-07,2024-06-07 15:35:00,PRD-04,afternoon,OP-5691,INS-5648,Factory-E1,1,76.2,discoloration,2.0,0.0682889296797754,0,1
INSP-0013,2024-06-07,2024-06-07 15:35:00,PRD-04,afternoon,OP-5691,INS-5648,Factory-E1,1,76.2,discoloration,2.0,0.0682889296797754,0,1
INSP-0014,2024-06-07,2024-06-07 08:42:00,PRD-01,morning,OP-2517,INS-5691,Factory-A2,0,97.2,0,0.0,0.0388199283476008,0,0
INSP-0014,2024-06-07,2024-06-07 08:42:00,PRD-01,morning,OP-2517,INS-5691,Factory-A2,0,97.2,0,0.0,0.0388199283476008,0,0
INSP-0014,2024-06-07,2024-06-07 08:42:00,PRD-01,morning,OP-2517,INS-5691,Factory-A2,0,97.2,0,0.0,0.0961067274459383,0,0
INSP-0014,2024-06-07,2024-06-07 08:42:00,PRD-01,morning,OP-2517,INS-5691,Factory-A2,0,97.2,0,0.0,0.0961067274459383,0,0
INSP-0015,2024-06-08,2024-06-08 16:00:00,PRD-02,afternoon,OP-0033,INS-4178,Factory-Z3,7,63.0,cracking,4.0,0.1349769853646526,0,1
INSP-0015,2024-06-08,2024-06-08 16:00:00,PRD-02,afternoon,OP-0033,INS-4178,Factory-Z3,7,63.0,cracking,4.0,0.1349769853646526,0,1
INSP-0015,2024-06-08,2024-06-08 16:00:00,PRD-02,afternoon,OP-0033,INS-4178,Factory-Z3,7,63.0,cracking,4.0,0.3924822905783616,0,1
INSP-0015,2024-06-08,2024-06-08 16:00:00,PRD-02,afternoon,OP-0033,INS-4178,Factory-Z3,7,63.0,cracking,4.0,0.3924822905783616,0,1
INSP-0016,2024-06-09,2024-06-09 09:10:00,PRD-04,morning,OP-2186,INS-2517,Factory-Y7,0,99.5,0,0.0,0.2105613783046094,0,0
INSP-0016,2024-06-09,2024-06-09 09:10:00,PRD-04,morning,OP-2186,INS-2517,Factory-Y7,0,99.5,0,0.0,0.2105613783046094,0,0
INSP-0016,2024-06-09,2024-06-09 09:10:00,PRD-04,morning,OP-2186,INS-2517,Factory-Y7,0,99.5,0,0.0,0.1092297778645788,0,0
INSP-0016,2024-06-09,2024-06-09 09:10:00,PRD-04,morning,OP-2186,INS-2517,Factory-Y7,0,99.5,0,0.0,0.1092297778645788,0,0
INSP-0017,2024-06-09,2024-06-10 00:45:00,PRD-03,night,OP-7777,INS-0112,Factory-X0,4,44.6,contamination,3.0,0.0361299690343653,0,1
INSP-0017,2024-06-09,2024-06-10 00:45:00,PRD-03,night,OP-7777,INS-0112,Factory-X0,4,44.6,contamination,3.0,0.0361299690343653,0,1
INSP-0017,2024-06-09,2024-06-10 00:45:00,PRD-03,night,OP-7777,INS-0112,Factory-X0,4,44.6,contamination,3.0,0.0157727609446373,0,1
INSP-0017,2024-06-09,2024-06-10 00:45:00,PRD-03,night,OP-7777,INS-0112,Factory-X0,4,44.6,contamination,3.0,0.0157727609446373,0,1
INSP-0018,2024-06-10,2024-06-10 15:30:00,PRD-02,afternoon,OP-1674,INS-3452,Factory-G9,0,88.4,0,0.0,0.1945228681153715,0,0
INSP-0018,2024-06-10,2024-06-10 15:30:00,PRD-02,afternoon,OP-1674,INS-3452,Factory-G9,0,88.4,0,0.0,0.1945228681153715,0,0
INSP-0018,2024-06-10,2024-06-10 15:30:00,PRD-02,afternoon,OP-1674,INS-3452,Factory-G9,0,88.4,0,0.0,0.2356508592024351,0,0
INSP-0018,2024-06-10,2024-06-10 15:30:00,PRD-02,afternoon,OP-1674,INS-3452,Factory-G9,0,88.4,0,0.0,0.2356508592024351,0,0
INSP-0019,2024-06-10,2024-06-10 09:48:00,PRD-01,morning,OP-5691,INS-5648,Factory-E1,2,79.8,dent,2.0,0.1013400908293439,0,1
INSP-0019,2024-06-10,2024-06-10 09:48:00,PRD-01,morning,OP-5691,INS-5648,Factory-E1,2,79.8,dent,2.0,0.1013400908293439,0,1
INSP-0019,2024-06-10,2024-06-10 09:48:00,PRD-01,morning,OP-5691,INS-5648,Factory-E1,2,79.8,dent,2.0,0.0834356819297631,0,1
INSP-0019,2024-06-10,2024-06-10 09:48:00,PRD-01,morning,OP-5691,INS-5648,Factory-E1,2,79.8,dent,2.0,0.0834356819297631,0,1
INSP-0020,2024-06-11,2024-06-11 14:22:00,PRD-03,afternoon,OP-2517,INS-5691,Factory-A2,0,91.6,0,0.0,0.3768845586272665,0,0
INSP-0020,2024-06-11,2024-06-11 14:22:00,PRD-03,afternoon,OP-2517,INS-5691,Factory-A2,0,91.6,0,0.0,0.3768845586272665,0,0
INSP-0020,2024-06-11,2024-06-11 14:22:00,PRD-03,afternoon,OP-2517,INS-5691,Factory-A2,0,91.6,0,0.0,0.1420985285622568,0,0
INSP-0020,2024-06-11,2024-06-11 14:22:00,PRD-03,afternoon,OP-2517,INS-5691,Factory-A2,0,91.6,0,0.0,0.1420985285622568,0,0
INSP-0021,2024-06-11,2024-06-12 00:30:00,PRD-04,night,OP-0033,INS-4178,Factory-Z3,17,4.7,major_crack,4.0,0.0458896469321455,0,1
INSP-0021,2024-06-11,2024-06-12 00:30:00,PRD-04,night,OP-0033,INS-4178,Factory-Z3,17,4.7,major_crack,4.0,0.0458896469321455,0,1
INSP-0021,2024-06-11,2024-06-12 00:30:00,PRD-04,night,OP-0033,INS-4178,Factory-Z3,17,4.7,major_crack,4.0,0.0206709026748619,0,1
INSP-0021,2024-06-11,2024-06-12 00:30:00,PRD-04,night,OP-0033,INS-4178,Factory-Z3,17,4.7,major_crack,4.0,0.0206709026748619,0,1
INSP-0022,2024-06-12,2024-06-12 15:00:00,PRD-02,afternoon,OP-2186,INS-2517,Factory-Y7,0,100.0,0,0.0,0.0765007452725093,0,0
INSP-0022,2024-06-12,2024-06-12 15:00:00,PRD-02,afternoon,OP-2186,INS-2517,Factory-Y7,0,100.0,0,0.0,0.0765007452725093,0,0
INSP-0022,2024-06-12,2024-06-12 15:00:00,PRD-02,afternoon,OP-2186,INS-2517,Factory-Y7,0,100.0,0,0.0,0.316697293197273,0,0
INSP-0022,2024-06-12,2024-06-12 15:00:00,PRD-02,afternoon,OP-2186,INS-2517,Factory-Y7,0,100.0,0,0.0,0.316697293197273,0,0
INSP-0023,2024-06-12,2024-06-12 11:45:00,PRD-01,morning,OP-7777,INS-0112,Factory-X0,0,86.5,0,0.0,0.1968457420472042,0,0
INSP-0023,2024-06-12,2024-06-12 11:45:00,PRD-01,morning,OP-7777,INS-0112,Factory-X0,0,86.5,0,0.0,0.1968457420472042,0,0
INSP-0023,2024-06-12,2024-06-12 11:45:00,PRD-01,morning,OP-7777,INS-0112,Factory-X0,0,86.5,0,0.0,0.11171010350172,0,0
INSP-0023,2024-06-12,2024-06-12 11:45:00,PRD-01,morning,OP-7777,INS-0112,Factory-X0,0,86.5,0,0.0,0.11171010350172,0,0
INSP-0024,2024-06-13,2024-06-13 16:10:00,PRD-04,afternoon,OP-1674,INS-3452,Factory-G9,1,71.2,foreign_object,1.0,0.3137446033787455,0,1
INSP-0024,2024-06-13,2024-06-13 16:10:00,PRD-04,afternoon,OP-1674,INS-3452,Factory-G9,1,71.2,foreign_object,1.0,0.3137446033787455,0,1
INSP-0024,2024-06-13,2024-06-13 16:10:00,PRD-04,afternoon,OP-1674,INS-3452,Factory-G9,1,71.2,foreign_object,1.0,0.18409353913899,0,1
INSP-0024,2024-06-13,2024-06-13 16:10:00,PRD-04,afternoon,OP-1674,INS-3452,Factory-G9,1,71.2,foreign_object,1.0,0.18409353913899,0,1
INSP-0025,2024-06-13,2024-06-14 02:05:00,PRD-03,night,OP-5691,INS-5648,Factory-E1,5,58.9,cracking,3.0,0.0478050346205047,0,1
INSP-0025,2024-06-13,2024-06-14 02:05:00,PRD-03,night,OP-5691,INS-5648,Factory-E1,5,58.9,cracking,3.0,0.0478050346205047,0,1
INSP-0025,2024-06-13,2024-06-14 02:05:00,PRD-03,night,OP-5691,INS-5648,Factory-E1,5,58.9,cracking,3.0,0.0147770521048628,0,1
INSP-0025,2024-06-13,2024-06-14 02:05:00,PRD-03,night,OP-5691,INS-5648,Factory-E1,5,58.9,cracking,3.0,0.0147770521048628,0,1
INSP-0026,2024-06-14,2024-06-14 14:50:00,PRD-02,afternoon,OP-2517,INS-5691,Factory-A2,0,95.0,0,0.0,0.0577130219154528,0,0
INSP-0026,2024-06-14,2024-06-14 14:50:00,PRD-02,afternoon,OP-2517,INS-5691,Factory-A2,0,95.0,0,0.0,0.0577130219154528,0,0
INSP-0026,2024-06-14,2024-06-14 14:50:00,PRD-02,afternoon,OP-2517,INS-5691,Factory-A2,0,95.0,0,0.0,0.1383452793815541,0,0
INSP-0026,2024-06-14,2024-06-14 14:50:00,PRD-02,afternoon,OP-2517,INS-5691,Factory-A2,0,95.0,0,0.0,0.1383452793815541,0,0
INSP-0027,2024-06-14,2024-06-14 09:35:00,PRD-01,morning,OP-0033,INS-4178,Factory-Z3,1,80.4,discoloration,2.0,0.259851920762831,0,1
INSP-0027,2024-06-14,2024-06-14 09:35:00,PRD-01,morning,OP-0033,INS-4178,Factory-Z3,1,80.4,discoloration,2.0,0.259851920762831,0,1
INSP-0027,2024-06-14,2024-06-14 09:35:00,PRD-01,morning,OP-0033,INS-4178,Factory-Z3,1,80.4,discoloration,2.0,0.2599214116426124,0,1
INSP-0027,2024-06-14,2024-06-14 09:35:00,PRD-01,morning,OP-0033,INS-4178,Factory-Z3,1,80.4,discoloration,2.0,0.2599214116426124,0,1
INSP-0028,2024-06-15,2024-06-15 14:35:00,PRD-03,afternoon,OP-2186,INS-2517,Factory-Y7,10,67.3,misalignment,4.0,0.0256679139670544,0,1
INSP-0028,2024-06-15,2024-06-15 14:35:00,PRD-03,afternoon,OP-2186,INS-2517,Factory-Y7,10,67.3,misalignment,4.0,0.0256679139670544,0,1
INSP-0028,2024-06-15,2024-06-15 14:35:00,PRD-03,afternoon,OP-2186,INS-2517,Factory-Y7,10,67.3,misalignment,4.0,0.2275109140122372,0,1
INSP-0028,2024-06-15,2024-06-15 14:35:00,PRD-03,afternoon,OP-2186,INS-2517,Factory-Y7,10,67.3,misalignment,4.0,0.2275109140122372,0,1
INSP-0029,2024-06-15,2024-06-15 08:40:00,PRD-04,morning,OP-7777,INS-0112,Factory-X0,0,97.8,0,0.0,0.081612102497286,0,0
INSP-0029,2024-06-15,2024-06-15 08:40:00,PRD-04,morning,OP-7777,INS-0112,Factory-X0,0,97.8,0,0.0,0.081612102497286,0,0
INSP-0029,2024-06-15,2024-06-15 08:40:00,PRD-04,morning,OP-7777,INS-0112,Factory-X0,0,97.8,0,0.0,0.0459419597362851,0,0
INSP-0029,2024-06-15,2024-06-15 08:40:00,PRD-04,morning,OP-7777,INS-0112,Factory-X0,0,97.8,0,0.0,0.0459419597362851,0,0
INSP-0030,2024-06-16,2024-06-16 15:15:00,PRD-01,afternoon,OP-1674,INS-3452,Factory-G9,0,86.7,0,0.0,0.2498026862498747,0,0
INSP-0030,2024-06-16,2024-06-16 15:15:00,PRD-01,afternoon,OP-1674,INS-3452,Factory-G9,0,86.7,0,0.0,0.2498026862498747,0,0
INSP-0030,2024-06-16,2024-06-16 15:15:00,PRD-01,afternoon,OP-1674,INS-3452,Factory-G9,0,86.7,0,0.0,0.3020049099913915,0,0
INSP-0030,2024-06-16,2024-06-16 15:15:00,PRD-01,afternoon,OP-1674,INS-3452,Factory-G9,0,86.7,0,0.0,0.3020049099913915,0,0
INSP-0031,2024-06-16,2024-06-17 02:12:00,PRD-03,night,OP-5691,INS-5648,Factory-E1,6,49.7,contamination,3.0,0.0489297702576206,0,1
INSP-0031,2024-06-16,2024-06-17 02:12:00,PRD-03,night,OP-5691,INS-5648,Factory-E1,6,49.7,contamination,3.0,0.0489297702576206,0,1
INSP-0031,2024-06-16,2024-06-17 02:12:00,PRD-03,night,OP-5691,INS-5648,Factory-E1,6,49.7,contamination,3.0,0.0161888258240437,0,1
INSP-0031,2024-06-16,2024-06-17 02:12:00,PRD-03,night,OP-5691,INS-5648,Factory-E1,6,49.7,contamination,3.0,0.0161888258240437,0,1
INSP-0032,2024-06-17,2024-06-17 14:37:00,PRD-02,afternoon,OP-2517,INS-5691,Factory-A2,0,89.1,0,0.0,0.1165699778877221,0,0
INSP-0032,2024-06-17,2024-06-17 14:37:00,PRD-02,afternoon,OP-2517,INS-5691,Factory-A2,0,89.1,0,0.0,0.1165699778877221,0,0
INSP-0032,2024-06-17,2024-06-17 14:37:00,PRD-02,afternoon,OP-2517,INS-5691,Factory-A2,0,89.1,0,0.0,0.1457178003088469,0,0
INSP-0032,2024-06-17,2024-06-17 14:37:00,PRD-02,afternoon,OP-2517,INS-5691,Factory-A2,0,89.1,0,0.0,0.1457178003088469,0,0
INSP-0033,2024-06-17,2024-06-17 10:10:00,PRD-04,morning,OP-0033,INS-4178,Factory-Z3,2,74.5,scratch,1.0,0.3123848997308815,0,1
INSP-0033,2024-06-17,2024-06-17 10:10:00,PRD-04,morning,OP-0033,INS-4178,Factory-Z3,2,74.5,scratch,1.0,0.3123848997308815,0,1
INSP-0033,2024-06-17,2024-06-17 10:10:00,PRD-04,morning,OP-0033,INS-4178,Factory-Z3,2,74.5,scratch,1.0,0.1383863860306167,0,1
INSP-0033,2024-06-17,2024-06-17 10:10:00,PRD-04,morning,OP-0033,INS-4178,Factory-Z3,2,74.5,scratch,1.0,0.1383863860306167,0,1
INSP-0034,2024-06-18,2024-06-18 16:00:00,PRD-01,afternoon,OP-2186,INS-2517,Factory-Y7,0,99.1,0,0.0,0.0102916352053566,0,0
INSP-0034,2024-06-18,2024-06-18 16:00:00,PRD-01,afternoon,OP-2186,INS-2517,Factory-Y7,0,99.1,0,0.0,0.0102916352053566,0,0
INSP-0034,2024-06-18,2024-06-18 16:00:00,PRD-01,afternoon,OP-2186,INS-2517,Factory-Y7,0,99.1,0,0.0,0.363235131212257,0,0
INSP-0034,2024-06-18,2024-06-18 16:00:00,PRD-01,afternoon,OP-2186,INS-2517,Factory-Y7,0,99.1,0,0.0,0.363235131212257,0,0
INSP-0035,2024-06-18,2024-06-18 08:25:00,PRD-03,morning,OP-7777,INS-0112,Factory-X0,0,85.6,0,0.0,0.0922178717904207,0,0
INSP-0035,2024-06-18,2024-06-18 08:25:00,PRD-03,morning,OP-7777,INS-0112,Factory-X0,0,85.6,0,0.0,0.0922178717904207,0,0
INSP-0035,2024-06-18,2024-06-18 08:25:00,PRD-03,morning,OP-7777,INS-0112,Factory-X0,0,85.6,0,0.0,0.0687073765608972,0,0
INSP-0035,2024-06-18,2024-06-18 08:25:00,PRD-03,morning,OP-7777,INS-0112,Factory-X0,0,85.6,0,0.0,0.0687073765608972,0,0
INSP-0036,2024-06-19,2024-06-20 01:49:00,PRD-02,night,OP-1674,INS-3452,Factory-G9,5,52.3,mislabel,3.0,0.2284565532339088,0,1
INSP-0036,2024-06-19,2024-06-20 01:49:00,PRD-02,night,OP-1674,INS-3452,Factory-G9,5,52.3,mislabel,3.0,0.2284565532339088,0,1
INSP-0036,2024-06-19,2024-06-20 01:49:00,PRD-02,night,OP-1674,INS-3452,Factory-G9,5,52.3,mislabel,3.0,0.0357890720750572,0,1
INSP-0036,2024-06-19,2024-06-20 01:49:00,PRD-02,night,OP-1674,INS-3452,Factory-G9,5,52.3,mislabel,3.0,0.0357890720750572,0,1
INSP-0037,2024-06-19,2024-06-19 14:25:00,PRD-01,afternoon,OP-5691,INS-5648,Factory-E1,8,62.8,misalignment,4.0,0.0330215951200614,0,1
INSP-0037,2024-06-19,2024-06-19 14:25:00,PRD-01,afternoon,OP-5691,INS-5648,Factory-E1,8,62.8,misalignment,4.0,0.0330215951200614,0,1
INSP-0037,2024-06-19,2024-06-19 14:25:00,PRD-01,afternoon,OP-5691,INS-5648,Factory-E1,8,62.8,misalignment,4.0,0.1629946651263185,0,1
INSP-0037,2024-06-19,2024-06-19 14:25:00,PRD-01,afternoon,OP-5691,INS-5648,Factory-E1,8,62.8,misalignment,4.0,0.1629946651263185,0,1
INSP-0038,2024-06-20,2024-06-20 10:30:00,PRD-03,morning,OP-2517,INS-5691,Factory-A2,0,99.7,0,0.0,0.0633015137350441,0,0
INSP-0038,2024-06-20,2024-06-20 10:30:00,PRD-03,morning,OP-2517,INS-5691,Factory-A2,0,99.7,0,0.0,0.0633015137350441,0,0
INSP-0038,2024-06-20,2024-06-20 10:30:00,PRD-03,morning,OP-2517,INS-5691,Factory-A2,0,99.7,0,0.0,0.0823337396652158,0,0
INSP-0038,2024-06-20,2024-06-20 10:30:00,PRD-03,morning,OP-2517,INS-5691,Factory-A2,0,99.7,0,0.0,0.0823337396652158,0,0
INSP-0039,2024-06-20,2024-06-20 16:10:00,PRD-04,afternoon,OP-0033,INS-4178,Factory-Z3,1,83.9,marking,2.0,0.3614151839948257,0,1
INSP-0039,2024-06-20,2024-06-20 16:10:00,PRD-04,afternoon,OP-0033,INS-4178,Factory-Z3,1,83.9,marking,2.0,0.3614151839948257,0,1
INSP-0039,2024-06-20,2024-06-20 16:10:00,PRD-04,afternoon,OP-0033,INS-4178,Factory-Z3,1,83.9,marking,2.0,0.2958525972059639,0,1
INSP-0039,2024-06-20,2024-06-20 16:10:00,PRD-04,afternoon,OP-0033,INS-4178,Factory-Z3,1,83.9,marking,2.0,0.2958525972059639,0,1
INSP-0040,2024-06-21,2024-06-21 09:10:00,PRD-01,morning,OP-2186,INS-2517,Factory-Y7,0,100.0,0,0.0,0.0315399532807819,0,0
INSP-0040,2024-06-21,2024-06-21 09:10:00,PRD-01,morning,OP-2186,INS-2517,Factory-Y7,0,100.0,0,0.0,0.0315399532807819,0,0
INSP-0040,2024-06-21,2024-06-21 09:10:00,PRD-01,morning,OP-2186,INS-2517,Factory-Y7,0,100.0,0,0.0,0.1842744299927217,0,0
INSP-0040,2024-06-21,2024-06-21 09:10:00,PRD-01,morning,OP-2186,INS-2517,Factory-Y7,0,100.0,0,0.0,0.1842744299927217,0,0
INSP-0041,2024-06-21,2024-06-22 01:30:00,PRD-03,night,OP-7777,INS-0112,Factory-X0,0,98.2,0,0.0,0.052541831044465,0,0
INSP-0041,2024-06-21,2024-06-22 01:30:00,PRD-03,night,OP-7777,INS-0112,Factory-X0,0,98.2,0,0.0,0.052541831044465,0,0
INSP-0041,2024-06-21,2024-06-22 01:30:00,PRD-03,night,OP-7777,INS-0112,Factory-X0,0,98.2,0,0.0,0.013695079186059,0,0
INSP-0041,2024-06-21,2024-06-22 01:30:00,PRD-03,night,OP-7777,INS-0112,Factory-X0,0,98.2,0,0.0,0.013695079186059,0,0
INSP-0042,2024-06-22,2024-06-22 15:40:00,PRD-02,afternoon,OP-1674,INS-3452,Factory-G9,1,81.7,scratch,1.0,0.3852256081972376,0,1
INSP-0042,2024-06-22,2024-06-22 15:40:00,PRD-02,afternoon,OP-1674,INS-3452,Factory-G9,1,81.7,scratch,1.0,0.3852256081972376,0,1
INSP-0042,2024-06-22,2024-06-22 15:40:00,PRD-02,afternoon,OP-1674,INS-3452,Factory-G9,1,81.7,scratch,1.0,0.2475608266487102,0,1
INSP-0042,2024-06-22,2024-06-22 15:40:00,PRD-02,afternoon,OP-1674,INS-3452,Factory-G9,1,81.7,scratch,1.0,0.2475608266487102,0,1
INSP-0043,2024-06-22,2024-06-22 11:15:00,PRD-04,morning,OP-5691,INS-5648,Factory-E1,0,92.3,0,0.0,0.0604827609253572,0,0
INSP-0043,2024-06-22,2024-06-22 11:15:00,PRD-04,morning,OP-5691,INS-5648,Factory-E1,0,92.3,0,0.0,0.0604827609253572,0,0
INSP-0043,2024-06-22,2024-06-22 11:15:00,PRD-04,morning,OP-5691,INS-5648,Factory-E1,0,92.3,0,0.0,0.0429301020666496,0,0
INSP-0043,2024-06-22,2024-06-22 11:15:00,PRD-04,morning,OP-5691,INS-5648,Factory-E1,0,92.3,0,0.0,0.0429301020666496,0,0
INSP-0044,2024-06-23,2024-06-23 14:10:00,PRD-01,afternoon,OP-2517,INS-5691,Factory-A2,9,60.4,misalignment,4.0,0.0582815439662228,0,1
INSP-0044,2024-06-23,2024-06-23 14:10:00,PRD-01,afternoon,OP-2517,INS-5691,Factory-A2,9,60.4,misalignment,4.0,0.0582815439662228,0,1
INSP-0044,2024-06-23,2024-06-23 14:10:00,PRD-01,afternoon,OP-2517,INS-5691,Factory-A2,9,60.4,misalignment,4.0,0.1849829734048077,0,1
INSP-0044,2024-06-23,2024-06-23 14:10:00,PRD-01,afternoon,OP-2517,INS-5691,Factory-A2,9,60.4,misalignment,4.0,0.1849829734048077,0,1
INSP-0045,2024-06-23,2024-06-24 02:40:00,PRD-03,night,OP-0033,INS-4178,Factory-Z3,19,6.3,major_crack,4.0,0.3614151839948257,0,1
INSP-0045,2024-06-23,2024-06-24 02:40:00,PRD-03,night,OP-0033,INS-4178,Factory-Z3,19,6.3,major_crack,4.0,0.3614151839948257,0,1
INSP-0045,2024-06-23,2024-06-24 02:40:00,PRD-03,night,OP-0033,INS-4178,Factory-Z3,19,6.3,major_crack,4.0,0.0420979856613921,0,1
INSP-0045,2024-06-23,2024-06-24 02:40:00,PRD-03,night,OP-0033,INS-4178,Factory-Z3,19,6.3,major_crack,4.0,0.0420979856613921,0,1
INSP-0046,2024-06-24,2024-06-24 08:55:00,PRD-04,morning,OP-2186,INS-2517,Factory-Y7,0,97.5,0,0.0,0.0355254930732957,0,0
INSP-0046,2024-06-24,2024-06-24 08:55:00,PRD-04,morning,OP-2186,INS-2517,Factory-Y7,0,97.5,0,0.0,0.0355254930732957,0,0
INSP-0046,2024-06-24,2024-06-24 08:55:00,PRD-04,morning,OP-2186,INS-2517,Factory-Y7,0,97.5,0,0.0,0.0962210733712989,0,0
INSP-0046,2024-06-24,2024-06-24 08:55:00,PRD-04,morning,OP-2186,INS-2517,Factory-Y7,0,97.5,0,0.0,0.0962210733712989,0,0
INSP-0047,2024-06-24,2024-06-24 15:23:00,PRD-01,afternoon,OP-7777,INS-0112,Factory-X0,1,76.9,dent,2.0,0.094485463894493,0,1
INSP-0047,2024-06-24,2024-06-24 15:23:00,PRD-01,afternoon,OP-7777,INS-0112,Factory-X0,1,76.9,dent,2.0,0.094485463894493,0,1
INSP-0047,2024-06-24,2024-06-24 15:23:00,PRD-01,afternoon,OP-7777,INS-0112,Factory-X0,1,76.9,dent,2.0,0.1598133773283062,0,1
INSP-0047,2024-06-24,2024-06-24 15:23:00,PRD-01,afternoon,OP-7777,INS-0112,Factory-X0,1,76.9,dent,2.0,0.1598133773283062,0,1
INSP-0048,2024-06-25,2024-06-26 00:03:00,PRD-03,night,OP-1674,INS-3452,Factory-G9,6,47.5,contamination,3.0,0.2498026862498747,0,1
INSP-0048,2024-06-25,2024-06-26 00:03:00,PRD-03,night,OP-1674,INS-3452,Factory-G9,6,47.5,contamination,3.0,0.2498026862498747,0,1
INSP-0048,2024-06-25,2024-06-26 00:03:00,PRD-03,night,OP-1674,INS-3452,Factory-G9,6,47.5,contamination,3.0,0.031331731244046,0,1
INSP-0048,2024-06-25,2024-06-26 00:03:00,PRD-03,night,OP-1674,INS-3452,Factory-G9,6,47.5,contamination,3.0,0.031331731244046,0,1
INSP-0049,2024-06-25,2024-06-25 14:57:00,PRD-02,afternoon,OP-5691,INS-5648,Factory-E1,0,98.2,0,0.0,0.037046510545211,0,0
INSP-0049,2024-06-25,2024-06-25 14:57:00,PRD-02,afternoon,OP-5691,INS-5648,Factory-E1,0,98.2,0,0.0,0.037046510545211,0,0
INSP-0049,2024-06-25,2024-06-25 14:57:00,PRD-02,afternoon,OP-5691,INS-5648,Factory-E1,0,98.2,0,0.0,0.1361966176594118,0,0
INSP-0049,2024-06-25,2024-06-25 14:57:00,PRD-02,afternoon,OP-5691,INS-5648,Factory-E1,0,98.2,0,0.0,0.1361966176594118,0,0
INSP-0050,2024-06-26,2024-06-26 11:13:00,PRD-01,morning,OP-2517,INS-5691,Factory-A2,0,100.0,0,0.0,0.0995181621377079,0,0
INSP-0050,2024-06-26,2024-06-26 11:13:00,PRD-01,morning,OP-2517,INS-5691,Factory-A2,0,100.0,0,0.0,0.0995181621377079,0,0
INSP-0050,2024-06-26,2024-06-26 11:13:00,PRD-01,morning,OP-2517,INS-5691,Factory-A2,0,100.0,0,0.0,0.1156307724117706,0,0
INSP-0050,2024-06-26,2024-06-26 11:13:00,PRD-01,morning,OP-2517,INS-5691,Factory-A2,0,100.0,0,0.0,0.1156307724117706,0,0
